ply
format ascii 1.0
comment Synthetic analytic geometry; generated by scripts/generate_sample.py
element vertex 6453
property float x
property float y
property float z
property uchar red
property uchar green
property uchar blue
end_header
-0.070000 0.900000 0.000000 242 85 132
-0.074419 0.900000 0.044871 242 85 132
-0.087508 0.900000 0.088017 242 85 132
-0.108762 0.900000 0.127781 242 85 132
-0.137365 0.900000 0.162635 242 85 132
-0.172219 0.900000 0.191238 242 85 132
-0.211983 0.900000 0.212492 242 85 132
-0.255129 0.900000 0.225581 242 85 132
-0.300000 0.900000 0.230000 242 85 132
-0.344871 0.900000 0.225581 242 85 132
-0.388017 0.900000 0.212492 242 85 132
-0.427781 0.900000 0.191238 242 85 132
-0.462635 0.900000 0.162635 242 85 132
-0.491238 0.900000 0.127781 242 85 132
-0.512492 0.900000 0.088017 242 85 132
-0.525581 0.900000 0.044871 242 85 132
-0.530000 0.900000 0.000000 242 85 132
-0.525581 0.900000 -0.044871 242 85 132
-0.512492 0.900000 -0.088017 242 85 132
-0.491238 0.900000 -0.127781 242 85 132
-0.462635 0.900000 -0.162635 242 85 132
-0.427781 0.900000 -0.191238 242 85 132
-0.388017 0.900000 -0.212492 242 85 132
-0.344871 0.900000 -0.225581 242 85 132
-0.300000 0.900000 -0.230000 242 85 132
-0.255129 0.900000 -0.225581 242 85 132
-0.211983 0.900000 -0.212492 242 85 132
-0.172219 0.900000 -0.191238 242 85 132
-0.137365 0.900000 -0.162635 242 85 132
-0.108762 0.900000 -0.127781 242 85 132
-0.087508 0.900000 -0.088017 242 85 132
-0.074419 0.900000 -0.044871 242 85 132
-0.072248 0.968673 0.000000 242 85 130
-0.076658 0.968384 0.044871 242 85 130
-0.089718 0.967528 0.088017 242 85 130
-0.110927 0.966138 0.127781 242 85 130
-0.139469 0.964267 0.162635 242 85 130
-0.174248 0.961988 0.191238 242 85 130
-0.213927 0.959387 0.212492 242 85 130
-0.256981 0.956565 0.225581 242 85 130
-0.301756 0.953631 0.230000 242 85 130
-0.346530 0.950696 0.225581 242 85 130
-0.389584 0.947874 0.212492 242 85 130
-0.429263 0.945273 0.191238 242 85 130
-0.464042 0.942994 0.162635 242 85 130
-0.492584 0.941123 0.127781 242 85 130
-0.513793 0.939733 0.088017 242 85 130
-0.526853 0.938877 0.044871 242 85 130
-0.531263 0.938588 0.000000 242 85 130
-0.526853 0.938877 -0.044871 242 85 130
-0.513793 0.939733 -0.088017 242 85 130
-0.492584 0.941123 -0.127781 242 85 130
-0.464042 0.942994 -0.162635 242 85 130
-0.429263 0.945273 -0.191238 242 85 130
-0.389584 0.947874 -0.212492 242 85 130
-0.346530 0.950696 -0.225581 242 85 130
-0.301756 0.953631 -0.230000 242 85 130
-0.256981 0.956565 -0.225581 242 85 130
-0.213927 0.959387 -0.212492 242 85 130
-0.174248 0.961988 -0.191238 242 85 130
-0.139469 0.964267 -0.162635 242 85 130
-0.110927 0.966138 -0.127781 242 85 130
-0.089718 0.967528 -0.088017 242 85 130
-0.076658 0.968384 -0.044871 242 85 130
-0.078983 1.037053 0.000000 242 85 128
-0.083364 1.036476 0.044871 242 85 128
-0.096341 1.034767 0.088017 242 85 128
-0.117413 1.031993 0.127781 242 85 128
-0.145772 1.028260 0.162635 242 85 128
-0.180327 1.023710 0.191238 242 85 128
-0.219751 1.018520 0.212492 242 85 128
-0.262528 1.012888 0.225581 242 85 128
-0.307015 1.007031 0.230000 242 85 128
-0.351502 1.001175 0.225581 242 85 128
-0.394279 0.995543 0.212492 242 85 128
-0.433703 0.990353 0.191238 242 85 128
-0.468258 0.985803 0.162635 242 85 128
-0.496617 0.982070 0.127781 242 85 128
-0.517690 0.979296 0.088017 242 85 128
-0.530666 0.977587 0.044871 242 85 128
-0.535048 0.977010 0.000000 242 85 128
-0.530666 0.977587 -0.044871 242 85 128
-0.517690 0.979296 -0.088017 242 85 128
-0.496617 0.982070 -0.127781 242 85 128
-0.468258 0.985803 -0.162635 242 85 128
-0.433703 0.990353 -0.191238 242 85 128
-0.394279 0.995543 -0.212492 242 85 128
-0.351502 1.001175 -0.225581 242 85 128
-0.307015 1.007031 -0.230000 242 85 128
-0.262528 1.012888 -0.225581 242 85 128
-0.219751 1.018520 -0.212492 242 85 128
-0.180327 1.023710 -0.191238 242 85 128
-0.145772 1.028260 -0.162635 242 85 128
-0.117413 1.031993 -0.127781 242 85 128
-0.096341 1.034767 -0.088017 242 85 128
-0.083364 1.036476 -0.044871 242 85 128
-0.090175 1.104845 0.000000 242 85 126
-0.094510 1.103983 0.044871 242 85 126
-0.107347 1.101429 0.088017 242 85 126
-0.128193 1.097283 0.127781 242 85 126
-0.156246 1.091702 0.162635 242 85 126
-0.190430 1.084903 0.191238 242 85 126
-0.229430 1.077145 0.212492 242 85 126
-0.271747 1.068728 0.225581 242 85 126
-0.315756 1.059974 0.230000 242 85 126
-0.359765 1.051220 0.225581 242 85 126
-0.402082 1.042803 0.212492 242 85 126
-0.441082 1.035045 0.191238 242 85 126
-0.475266 1.028246 0.162635 242 85 126
-0.503319 1.022665 0.127781 242 85 126
-0.524165 1.018519 0.088017 242 85 126
-0.537002 1.015965 0.044871 242 85 126
-0.541337 1.015103 0.000000 242 85 126
-0.537002 1.015965 -0.044871 242 85 126
-0.524165 1.018519 -0.088017 242 85 126
-0.503319 1.022665 -0.127781 242 85 126
-0.475266 1.028246 -0.162635 242 85 126
-0.441082 1.035045 -0.191238 242 85 126
-0.402082 1.042803 -0.212492 242 85 126
-0.359765 1.051220 -0.225581 242 85 126
-0.315756 1.059974 -0.230000 242 85 126
-0.271747 1.068728 -0.225581 242 85 126
-0.229430 1.077145 -0.212492 242 85 126
-0.190430 1.084903 -0.191238 242 85 126
-0.156246 1.091702 -0.162635 242 85 126
-0.128193 1.097283 -0.127781 242 85 126
-0.107347 1.101429 -0.088017 242 85 126
-0.094510 1.103983 -0.044871 242 85 126
-0.105778 1.171760 0.000000 242 85 125
-0.110047 1.170616 0.044871 242 85 125
-0.122689 1.167229 0.088017 242 85 125
-0.143219 1.161728 0.127781 242 85 125
-0.170848 1.154325 0.162635 242 85 125
-0.204514 1.145304 0.191238 242 85 125
-0.242923 1.135012 0.212492 242 85 125
-0.284599 1.123845 0.225581 242 85 125
-0.327941 1.112232 0.230000 242 85 125
-0.371283 1.100618 0.225581 242 85 125
-0.412959 1.089451 0.212492 242 85 125
-0.451368 1.079159 0.191238 242 85 125
-0.485034 1.070139 0.162635 242 85 125
-0.512663 1.062736 0.127781 242 85 125
-0.533193 1.057235 0.088017 242 85 125
-0.545835 1.053847 0.044871 242 85 125
-0.550104 1.052703 0.000000 242 85 125
-0.545835 1.053847 -0.044871 242 85 125
-0.533193 1.057235 -0.088017 242 85 125
-0.512663 1.062736 -0.127781 242 85 125
-0.485034 1.070139 -0.162635 242 85 125
-0.451368 1.079159 -0.191238 242 85 125
-0.412959 1.089451 -0.212492 242 85 125
-0.371283 1.100618 -0.225581 242 85 125
-0.327941 1.112232 -0.230000 242 85 125
-0.284599 1.123845 -0.225581 242 85 125
-0.242923 1.135012 -0.212492 242 85 125
-0.204514 1.145304 -0.191238 242 85 125
-0.170848 1.154325 -0.162635 242 85 125
-0.143219 1.161728 -0.127781 242 85 125
-0.122689 1.167229 -0.088017 242 85 125
-0.110047 1.170616 -0.044871 242 85 125
-0.125723 1.237511 0.000000 242 85 123
-0.129908 1.236091 0.044871 242 85 123
-0.142302 1.231884 0.088017 242 85 123
-0.162428 1.225052 0.127781 242 85 123
-0.189514 1.215858 0.162635 242 85 123
-0.222517 1.204654 0.191238 242 85 123
-0.260171 1.191873 0.212492 242 85 123
-0.301028 1.178004 0.225581 242 85 123
-0.343517 1.163580 0.230000 242 85 123
-0.386007 1.149157 0.225581 242 85 123
-0.426863 1.135288 0.212492 242 85 123
-0.464517 1.122506 0.191238 242 85 123
-0.497521 1.111303 0.162635 242 85 123
-0.524606 1.102109 0.127781 242 85 123
-0.544733 1.095277 0.088017 242 85 123
-0.557126 1.091070 0.044871 242 85 123
-0.561311 1.089649 0.000000 242 85 123
-0.557126 1.091070 -0.044871 242 85 123
-0.544733 1.095277 -0.088017 242 85 123
-0.524606 1.102109 -0.127781 242 85 123
-0.497521 1.111303 -0.162635 242 85 123
-0.464517 1.122506 -0.191238 242 85 123
-0.426863 1.135288 -0.212492 242 85 123
-0.386007 1.149157 -0.225581 242 85 123
-0.343517 1.163580 -0.230000 242 85 123
-0.301028 1.178004 -0.225581 242 85 123
-0.260171 1.191873 -0.212492 242 85 123
-0.222517 1.204654 -0.191238 242 85 123
-0.189514 1.215858 -0.162635 242 85 123
-0.162428 1.225052 -0.127781 242 85 123
-0.142302 1.231884 -0.088017 242 85 123
-0.129908 1.236091 -0.044871 242 85 123
-0.149926 1.301818 0.000000 242 85 121
-0.154009 1.300126 0.044871 242 85 121
-0.166102 1.295118 0.088017 242 85 121
-0.185738 1.286984 0.127781 242 85 121
-0.212164 1.276038 0.162635 242 85 121
-0.244364 1.262700 0.191238 242 85 121
-0.281102 1.247483 0.212492 242 85 121
-0.320964 1.230972 0.225581 242 85 121
-0.362419 1.213800 0.230000 242 85 121
-0.403874 1.196629 0.225581 242 85 121
-0.443736 1.180118 0.212492 242 85 121
-0.480473 1.164901 0.191238 242 85 121
-0.512674 1.151563 0.162635 242 85 121
-0.539100 1.140617 0.127781 242 85 121
-0.558736 1.132483 0.088017 242 85 121
-0.570828 1.127474 0.044871 242 85 121
-0.574911 1.125783 0.000000 242 85 121
-0.570828 1.127474 -0.044871 242 85 121
-0.558736 1.132483 -0.088017 242 85 121
-0.539100 1.140617 -0.127781 242 85 121
-0.512674 1.151563 -0.162635 242 85 121
-0.480473 1.164901 -0.191238 242 85 121
-0.443736 1.180118 -0.212492 242 85 121
-0.403874 1.196629 -0.225581 242 85 121
-0.362419 1.213800 -0.230000 242 85 121
-0.320964 1.230972 -0.225581 242 85 121
-0.281102 1.247483 -0.212492 242 85 121
-0.244364 1.262700 -0.191238 242 85 121
-0.212164 1.276038 -0.162635 242 85 121
-0.185738 1.286984 -0.127781 242 85 121
-0.166102 1.295118 -0.088017 242 85 121
-0.154009 1.300126 -0.044871 242 85 121
-0.178284 1.364403 0.000000 242 85 119
-0.182247 1.362448 0.044871 242 85 119
-0.193986 1.356660 0.088017 242 85 119
-0.213048 1.347259 0.127781 242 85 119
-0.238702 1.334608 0.162635 242 85 119
-0.269961 1.319193 0.191238 242 85 119
-0.305624 1.301606 0.212492 242 85 119
-0.344321 1.282523 0.225581 242 85 119
-0.384564 1.262677 0.230000 242 85 119
-0.424808 1.242831 0.225581 242 85 119
-0.463505 1.223748 0.212492 242 85 119
-0.499168 1.206161 0.191238 242 85 119
-0.530427 1.190745 0.162635 242 85 119
-0.556081 1.178094 0.127781 242 85 119
-0.575143 1.168694 0.088017 242 85 119
-0.586881 1.162905 0.044871 242 85 119
-0.590845 1.160950 0.000000 242 85 119
-0.586881 1.162905 -0.044871 242 85 119
-0.575143 1.168694 -0.088017 242 85 119
-0.556081 1.178094 -0.127781 242 85 119
-0.530427 1.190745 -0.162635 242 85 119
-0.499168 1.206161 -0.191238 242 85 119
-0.463505 1.223748 -0.212492 242 85 119
-0.424808 1.242831 -0.225581 242 85 119
-0.384564 1.262677 -0.230000 242 85 119
-0.344321 1.282523 -0.225581 242 85 119
-0.305624 1.301606 -0.212492 242 85 119
-0.269961 1.319193 -0.191238 242 85 119
-0.238702 1.334608 -0.162635 242 85 119
-0.213048 1.347259 -0.127781 242 85 119
-0.193986 1.356660 -0.088017 242 85 119
-0.182247 1.362448 -0.044871 242 85 119
-0.210673 1.425000 0.000000 242 85 117
-0.214501 1.422790 0.044871 242 85 117
-0.225835 1.416246 0.088017 242 85 117
-0.244242 1.405619 0.127781 242 85 117
-0.269014 1.391317 0.162635 242 85 117
-0.299197 1.373891 0.191238 242 85 117
-0.333634 1.354009 0.212492 242 85 117
-0.371000 1.332435 0.225581 242 85 117
-0.409859 1.310000 0.230000 242 85 117
-0.448718 1.287565 0.225581 242 85 117
-0.486084 1.265991 0.212492 242 85 117
-0.520521 1.246109 0.191238 242 85 117
-0.550705 1.228683 0.162635 242 85 117
-0.575476 1.214381 0.127781 242 85 117
-0.593883 1.203754 0.088017 242 85 117
-0.605218 1.197210 0.044871 242 85 117
-0.609045 1.195000 0.000000 242 85 117
-0.605218 1.197210 -0.044871 242 85 117
-0.593883 1.203754 -0.088017 242 85 117
-0.575476 1.214381 -0.127781 242 85 117
-0.550705 1.228683 -0.162635 242 85 117
-0.520521 1.246109 -0.191238 242 85 117
-0.486084 1.265991 -0.212492 242 85 117
-0.448718 1.287565 -0.225581 242 85 117
-0.409859 1.310000 -0.230000 242 85 117
-0.371000 1.332435 -0.225581 242 85 117
-0.333634 1.354009 -0.212492 242 85 117
-0.299197 1.373891 -0.191238 242 85 117
-0.269014 1.391317 -0.162635 242 85 117
-0.244242 1.405619 -0.127781 242 85 117
-0.225835 1.416246 -0.088017 242 85 117
-0.214501 1.422790 -0.044871 242 85 117
-0.246957 1.483349 0.000000 242 85 115
-0.250631 1.480893 0.044871 242 85 115
-0.261514 1.473622 0.088017 242 85 115
-0.279186 1.461814 0.127781 242 85 115
-0.302969 1.445923 0.162635 242 85 115
-0.331949 1.426559 0.191238 242 85 115
-0.365011 1.404467 0.212492 242 85 115
-0.400886 1.380496 0.225581 242 85 115
-0.438195 1.355568 0.230000 242 85 115
-0.475504 1.330639 0.225581 242 85 115
-0.511379 1.306668 0.212492 242 85 115
-0.544441 1.284576 0.191238 242 85 115
-0.573421 1.265213 0.162635 242 85 115
-0.597204 1.249321 0.127781 242 85 115
-0.614876 1.237513 0.088017 242 85 115
-0.625758 1.230242 0.044871 242 85 115
-0.629433 1.227786 0.000000 242 85 115
-0.625758 1.230242 -0.044871 242 85 115
-0.614876 1.237513 -0.088017 242 85 115
-0.597204 1.249321 -0.127781 242 85 115
-0.573421 1.265213 -0.162635 242 85 115
-0.544441 1.284576 -0.191238 242 85 115
-0.511379 1.306668 -0.212492 242 85 115
-0.475504 1.330639 -0.225581 242 85 115
-0.438195 1.355568 -0.230000 242 85 115
-0.400886 1.380496 -0.225581 242 85 115
-0.365011 1.404467 -0.212492 242 85 115
-0.331949 1.426559 -0.191238 242 85 115
-0.302969 1.445923 -0.162635 242 85 115
-0.279186 1.461814 -0.127781 242 85 115
-0.261514 1.473622 -0.088017 242 85 115
-0.250631 1.480893 -0.044871 242 85 115
-0.286979 1.539200 0.000000 242 85 113
-0.290485 1.536509 0.044871 242 85 113
-0.300869 1.528541 0.088017 242 85 113
-0.317731 1.515603 0.127781 242 85 113
-0.340424 1.498190 0.162635 242 85 113
-0.368075 1.476973 0.191238 242 85 113
-0.399622 1.452766 0.212492 242 85 113
-0.433852 1.426500 0.225581 242 85 113
-0.469450 1.399184 0.230000 242 85 113
-0.505049 1.371869 0.225581 242 85 113
-0.539279 1.345603 0.212492 242 85 113
-0.570826 1.321396 0.191238 242 85 113
-0.598477 1.300179 0.162635 242 85 113
-0.621170 1.282766 0.127781 242 85 113
-0.638032 1.269827 0.088017 242 85 113
-0.648415 1.261860 0.044871 242 85 113
-0.651922 1.259169 0.000000 242 85 113
-0.648415 1.261860 -0.044871 242 85 113
-0.638032 1.269827 -0.088017 242 85 113
-0.621170 1.282766 -0.127781 242 85 113
-0.598477 1.300179 -0.162635 242 85 113
-0.570826 1.321396 -0.191238 242 85 113
-0.539279 1.345603 -0.212492 242 85 113
-0.505049 1.371869 -0.225581 242 85 113
-0.469450 1.399184 -0.230000 242 85 113
-0.433852 1.426500 -0.225581 242 85 113
-0.399622 1.452766 -0.212492 242 85 113
-0.368075 1.476973 -0.191238 242 85 113
-0.340424 1.498190 -0.162635 242 85 113
-0.317731 1.515603 -0.127781 242 85 113
-0.300869 1.528541 -0.088017 242 85 113
-0.290485 1.536509 -0.044871 242 85 113
-0.330568 1.592313 0.000000 242 85 111
-0.333891 1.589399 0.044871 242 85 111
-0.343731 1.580769 0.088017 242 85 111
-0.359711 1.566756 0.127781 242 85 111
-0.381216 1.547896 0.162635 242 85 111
-0.407420 1.524916 0.191238 242 85 111
-0.437317 1.498697 0.212492 242 85 111
-0.469756 1.470249 0.225581 242 85 111
-0.503491 1.440664 0.230000 242 85 111
-0.537227 1.411078 0.225581 242 85 111
-0.569666 1.382630 0.212492 242 85 111
-0.599562 1.356412 0.191238 242 85 111
-0.625766 1.333431 0.162635 242 85 111
-0.647272 1.314572 0.127781 242 85 111
-0.663252 1.300558 0.088017 242 85 111
-0.673092 1.291928 0.044871 242 85 111
-0.676415 1.289014 0.000000 242 85 111
-0.673092 1.291928 -0.044871 242 85 111
-0.663252 1.300558 -0.088017 242 85 111
-0.647272 1.314572 -0.127781 242 85 111
-0.625766 1.333431 -0.162635 242 85 111
-0.599562 1.356412 -0.191238 242 85 111
-0.569666 1.382630 -0.212492 242 85 111
-0.537227 1.411078 -0.225581 242 85 111
-0.503491 1.440664 -0.230000 242 85 111
-0.469756 1.470249 -0.225581 242 85 111
-0.437317 1.498697 -0.212492 242 85 111
-0.407420 1.524916 -0.191238 242 85 111
-0.381216 1.547896 -0.162635 242 85 111
-0.359711 1.566756 -0.127781 242 85 111
-0.343731 1.580769 -0.088017 242 85 111
-0.333891 1.589399 -0.044871 242 85 111
-0.377538 1.642462 0.000000 242 85 110
-0.380663 1.639337 0.044871 242 85 110
-0.389918 1.630082 0.088017 242 85 110
-0.404947 1.615053 0.127781 242 85 110
-0.425172 1.594828 0.162635 242 85 110
-0.449818 1.570182 0.191238 242 85 110
-0.477935 1.542065 0.212492 242 85 110
-0.508444 1.511556 0.225581 242 85 110
-0.540172 1.479828 0.230000 242 85 110
-0.571901 1.448099 0.225581 242 85 110
-0.602410 1.417590 0.212492 242 85 110
-0.630527 1.389473 0.191238 242 85 110
-0.655172 1.364828 0.162635 242 85 110
-0.675398 1.344602 0.127781 242 85 110
-0.690427 1.329573 0.088017 242 85 110
-0.699682 1.320318 0.044871 242 85 110
-0.702807 1.317193 0.000000 242 85 110
-0.699682 1.320318 -0.044871 242 85 110
-0.690427 1.329573 -0.088017 242 85 110
-0.675398 1.344602 -0.127781 242 85 110
-0.655172 1.364828 -0.162635 242 85 110
-0.630527 1.389473 -0.191238 242 85 110
-0.602410 1.417590 -0.212492 242 85 110
-0.571901 1.448099 -0.225581 242 85 110
-0.540172 1.479828 -0.230000 242 85 110
-0.508444 1.511556 -0.225581 242 85 110
-0.477935 1.542065 -0.212492 242 85 110
-0.449818 1.570182 -0.191238 242 85 110
-0.425172 1.594828 -0.162635 242 85 110
-0.404947 1.615053 -0.127781 242 85 110
-0.389918 1.630082 -0.088017 242 85 110
-0.380663 1.639337 -0.044871 242 85 110
-0.427687 1.689432 0.000000 242 85 108
-0.430601 1.686109 0.044871 242 85 108
-0.439231 1.676269 0.088017 242 85 108
-0.453244 1.660289 0.127781 242 85 108
-0.472104 1.638784 0.162635 242 85 108
-0.495084 1.612580 0.191238 242 85 108
-0.521303 1.582683 0.212492 242 85 108
-0.549751 1.550244 0.225581 242 85 108
-0.579336 1.516509 0.230000 242 85 108
-0.608922 1.482773 0.225581 242 85 108
-0.637370 1.450334 0.212492 242 85 108
-0.663588 1.420438 0.191238 242 85 108
-0.686569 1.394234 0.162635 242 85 108
-0.705428 1.372728 0.127781 242 85 108
-0.719442 1.356748 0.088017 242 85 108
-0.728072 1.346908 0.044871 242 85 108
-0.730986 1.343585 0.000000 242 85 108
-0.728072 1.346908 -0.044871 242 85 108
-0.719442 1.356748 -0.088017 242 85 108
-0.705428 1.372728 -0.127781 242 85 108
-0.686569 1.394234 -0.162635 242 85 108
-0.663588 1.420438 -0.191238 242 85 108
-0.637370 1.450334 -0.212492 242 85 108
-0.608922 1.482773 -0.225581 242 85 108
-0.579336 1.516509 -0.230000 242 85 108
-0.549751 1.550244 -0.225581 242 85 108
-0.521303 1.582683 -0.212492 242 85 108
-0.495084 1.612580 -0.191238 242 85 108
-0.472104 1.638784 -0.162635 242 85 108
-0.453244 1.660289 -0.127781 242 85 108
-0.439231 1.676269 -0.088017 242 85 108
-0.430601 1.686109 -0.044871 242 85 108
-0.480800 1.733021 0.000000 242 85 106
-0.483491 1.729515 0.044871 242 85 106
-0.491459 1.719131 0.088017 242 85 106
-0.504397 1.702269 0.127781 242 85 106
-0.521810 1.679576 0.162635 242 85 106
-0.543027 1.651925 0.191238 242 85 106
-0.567234 1.620378 0.212492 242 85 106
-0.593500 1.586148 0.225581 242 85 106
-0.620816 1.550550 0.230000 242 85 106
-0.648131 1.514951 0.225581 242 85 106
-0.674397 1.480721 0.212492 242 85 106
-0.698604 1.449174 0.191238 242 85 106
-0.719821 1.421523 0.162635 242 85 106
-0.737234 1.398830 0.127781 242 85 106
-0.750173 1.381968 0.088017 242 85 106
-0.758140 1.371585 0.044871 242 85 106
-0.760831 1.368078 0.000000 242 85 106
-0.758140 1.371585 -0.044871 242 85 106
-0.750173 1.381968 -0.088017 242 85 106
-0.737234 1.398830 -0.127781 242 85 106
-0.719821 1.421523 -0.162635 242 85 106
-0.698604 1.449174 -0.191238 242 85 106
-0.674397 1.480721 -0.212492 242 85 106
-0.648131 1.514951 -0.225581 242 85 106
-0.620816 1.550550 -0.230000 242 85 106
-0.593500 1.586148 -0.225581 242 85 106
-0.567234 1.620378 -0.212492 242 85 106
-0.543027 1.651925 -0.191238 242 85 106
-0.521810 1.679576 -0.162635 242 85 106
-0.504397 1.702269 -0.127781 242 85 106
-0.491459 1.719131 -0.088017 242 85 106
-0.483491 1.729515 -0.044871 242 85 106
-0.536651 1.773043 0.000000 242 85 104
-0.539107 1.769369 0.044871 242 85 104
-0.546378 1.758486 0.088017 242 85 104
-0.558186 1.740814 0.127781 242 85 104
-0.574077 1.717031 0.162635 242 85 104
-0.593441 1.688051 0.191238 242 85 104
-0.615533 1.654989 0.212492 242 85 104
-0.639504 1.619114 0.225581 242 85 104
-0.664432 1.581805 0.230000 242 85 104
-0.689361 1.544496 0.225581 242 85 104
-0.713332 1.508621 0.212492 242 85 104
-0.735424 1.475559 0.191238 242 85 104
-0.754787 1.446579 0.162635 242 85 104
-0.770679 1.422796 0.127781 242 85 104
-0.782487 1.405124 0.088017 242 85 104
-0.789758 1.394242 0.044871 242 85 104
-0.792214 1.390567 0.000000 242 85 104
-0.789758 1.394242 -0.044871 242 85 104
-0.782487 1.405124 -0.088017 242 85 104
-0.770679 1.422796 -0.127781 242 85 104
-0.754787 1.446579 -0.162635 242 85 104
-0.735424 1.475559 -0.191238 242 85 104
-0.713332 1.508621 -0.212492 242 85 104
-0.689361 1.544496 -0.225581 242 85 104
-0.664432 1.581805 -0.230000 242 85 104
-0.639504 1.619114 -0.225581 242 85 104
-0.615533 1.654989 -0.212492 242 85 104
-0.593441 1.688051 -0.191238 242 85 104
-0.574077 1.717031 -0.162635 242 85 104
-0.558186 1.740814 -0.127781 242 85 104
-0.546378 1.758486 -0.088017 242 85 104
-0.539107 1.769369 -0.044871 242 85 104
-0.595000 1.809327 0.000000 242 85 102
-0.597210 1.805499 0.044871 242 85 102
-0.603754 1.794165 0.088017 242 85 102
-0.614381 1.775758 0.127781 242 85 102
-0.628683 1.750986 0.162635 242 85 102
-0.646109 1.720803 0.191238 242 85 102
-0.665991 1.686366 0.212492 242 85 102
-0.687565 1.649000 0.225581 242 85 102
-0.710000 1.610141 0.230000 242 85 102
-0.732435 1.571282 0.225581 242 85 102
-0.754009 1.533916 0.212492 242 85 102
-0.773891 1.499479 0.191238 242 85 102
-0.791317 1.469295 0.162635 242 85 102
-0.805619 1.444524 0.127781 242 85 102
-0.816246 1.426117 0.088017 242 85 102
-0.822790 1.414782 0.044871 242 85 102
-0.825000 1.410955 0.000000 242 85 102
-0.822790 1.414782 -0.044871 242 85 102
-0.816246 1.426117 -0.088017 242 85 102
-0.805619 1.444524 -0.127781 242 85 102
-0.791317 1.469295 -0.162635 242 85 102
-0.773891 1.499479 -0.191238 242 85 102
-0.754009 1.533916 -0.212492 242 85 102
-0.732435 1.571282 -0.225581 242 85 102
-0.710000 1.610141 -0.230000 242 85 102
-0.687565 1.649000 -0.225581 242 85 102
-0.665991 1.686366 -0.212492 242 85 102
-0.646109 1.720803 -0.191238 242 85 102
-0.628683 1.750986 -0.162635 242 85 102
-0.614381 1.775758 -0.127781 242 85 102
-0.603754 1.794165 -0.088017 242 85 102
-0.597210 1.805499 -0.044871 242 85 102
-0.655597 1.841716 0.000000 242 85 100
-0.657552 1.837753 0.044871 242 85 100
-0.663340 1.826014 0.088017 242 85 100
-0.672741 1.806952 0.127781 242 85 100
-0.685392 1.781298 0.162635 242 85 100
-0.700807 1.750039 0.191238 242 85 100
-0.718394 1.714376 0.212492 242 85 100
-0.737477 1.675679 0.225581 242 85 100
-0.757323 1.635436 0.230000 242 85 100
-0.777169 1.595192 0.225581 242 85 100
-0.796252 1.556495 0.212492 242 85 100
-0.813839 1.520832 0.191238 242 85 100
-0.829255 1.489573 0.162635 242 85 100
-0.841906 1.463919 0.127781 242 85 100
-0.851306 1.444857 0.088017 242 85 100
-0.857095 1.433119 0.044871 242 85 100
-0.859050 1.429155 0.000000 242 85 100
-0.857095 1.433119 -0.044871 242 85 100
-0.851306 1.444857 -0.088017 242 85 100
-0.841906 1.463919 -0.127781 242 85 100
-0.829255 1.489573 -0.162635 242 85 100
-0.813839 1.520832 -0.191238 242 85 100
-0.796252 1.556495 -0.212492 242 85 100
-0.777169 1.595192 -0.225581 242 85 100
-0.757323 1.635436 -0.230000 242 85 100
-0.737477 1.675679 -0.225581 242 85 100
-0.718394 1.714376 -0.212492 242 85 100
-0.700807 1.750039 -0.191238 242 85 100
-0.685392 1.781298 -0.162635 242 85 100
-0.672741 1.806952 -0.127781 242 85 100
-0.663340 1.826014 -0.088017 242 85 100
-0.657552 1.837753 -0.044871 242 85 100
-0.718182 1.870074 0.000000 242 85 98
-0.719874 1.865991 0.044871 242 85 98
-0.724882 1.853898 0.088017 242 85 98
-0.733016 1.834262 0.127781 242 85 98
-0.743962 1.807836 0.162635 242 85 98
-0.757300 1.775636 0.191238 242 85 98
-0.772517 1.738898 0.212492 242 85 98
-0.789028 1.699036 0.225581 242 85 98
-0.806200 1.657581 0.230000 242 85 98
-0.823371 1.616126 0.225581 242 85 98
-0.839882 1.576264 0.212492 242 85 98
-0.855099 1.539527 0.191238 242 85 98
-0.868437 1.507326 0.162635 242 85 98
-0.879383 1.480900 0.127781 242 85 98
-0.887517 1.461264 0.088017 242 85 98
-0.892526 1.449172 0.044871 242 85 98
-0.894217 1.445089 0.000000 242 85 98
-0.892526 1.449172 -0.044871 242 85 98
-0.887517 1.461264 -0.088017 242 85 98
-0.879383 1.480900 -0.127781 242 85 98
-0.868437 1.507326 -0.162635 242 85 98
-0.855099 1.539527 -0.191238 242 85 98
-0.839882 1.576264 -0.212492 242 85 98
-0.823371 1.616126 -0.225581 242 85 98
-0.806200 1.657581 -0.230000 242 85 98
-0.789028 1.699036 -0.225581 242 85 98
-0.772517 1.738898 -0.212492 242 85 98
-0.757300 1.775636 -0.191238 242 85 98
-0.743962 1.807836 -0.162635 242 85 98
-0.733016 1.834262 -0.127781 242 85 98
-0.724882 1.853898 -0.088017 242 85 98
-0.719874 1.865991 -0.044871 242 85 98
-0.782489 1.894277 0.000000 242 85 96
-0.783909 1.890092 0.044871 242 85 96
-0.788116 1.877698 0.088017 242 85 96
-0.794948 1.857572 0.127781 242 85 96
-0.804142 1.830486 0.162635 242 85 96
-0.815346 1.797483 0.191238 242 85 96
-0.828127 1.759829 0.212492 242 85 96
-0.841996 1.718972 0.225581 242 85 96
-0.856420 1.676483 0.230000 242 85 96
-0.870843 1.633993 0.225581 242 85 96
-0.884712 1.593137 0.212492 242 85 96
-0.897494 1.555483 0.191238 242 85 96
-0.908697 1.522479 0.162635 242 85 96
-0.917891 1.495394 0.127781 242 85 96
-0.924723 1.475267 0.088017 242 85 96
-0.928930 1.462874 0.044871 242 85 96
-0.930351 1.458689 0.000000 242 85 96
-0.928930 1.462874 -0.044871 242 85 96
-0.924723 1.475267 -0.088017 242 85 96
-0.917891 1.495394 -0.127781 242 85 96
-0.908697 1.522479 -0.162635 242 85 96
-0.897494 1.555483 -0.191238 242 85 96
-0.884712 1.593137 -0.212492 242 85 96
-0.870843 1.633993 -0.225581 242 85 96
-0.856420 1.676483 -0.230000 242 85 96
-0.841996 1.718972 -0.225581 242 85 96
-0.828127 1.759829 -0.212492 242 85 96
-0.815346 1.797483 -0.191238 242 85 96
-0.804142 1.830486 -0.162635 242 85 96
-0.794948 1.857572 -0.127781 242 85 96
-0.788116 1.877698 -0.088017 242 85 96
-0.783909 1.890092 -0.044871 242 85 96
-0.848240 1.914222 0.000000 242 85 95
-0.849384 1.909953 0.044871 242 85 95
-0.852771 1.897311 0.088017 242 85 95
-0.858272 1.876781 0.127781 242 85 95
-0.865675 1.849152 0.162635 242 85 95
-0.874696 1.815486 0.191238 242 85 95
-0.884988 1.777077 0.212492 242 85 95
-0.896155 1.735401 0.225581 242 85 95
-0.907768 1.692059 0.230000 242 85 95
-0.919382 1.648717 0.225581 242 85 95
-0.930549 1.607041 0.212492 242 85 95
-0.940841 1.568632 0.191238 242 85 95
-0.949861 1.534966 0.162635 242 85 95
-0.957264 1.507337 0.127781 242 85 95
-0.962765 1.486807 0.088017 242 85 95
-0.966153 1.474165 0.044871 242 85 95
-0.967297 1.469896 0.000000 242 85 95
-0.966153 1.474165 -0.044871 242 85 95
-0.962765 1.486807 -0.088017 242 85 95
-0.957264 1.507337 -0.127781 242 85 95
-0.949861 1.534966 -0.162635 242 85 95
-0.940841 1.568632 -0.191238 242 85 95
-0.930549 1.607041 -0.212492 242 85 95
-0.919382 1.648717 -0.225581 242 85 95
-0.907768 1.692059 -0.230000 242 85 95
-0.896155 1.735401 -0.225581 242 85 95
-0.884988 1.777077 -0.212492 242 85 95
-0.874696 1.815486 -0.191238 242 85 95
-0.865675 1.849152 -0.162635 242 85 95
-0.858272 1.876781 -0.127781 242 85 95
-0.852771 1.897311 -0.088017 242 85 95
-0.849384 1.909953 -0.044871 242 85 95
-0.915155 1.929825 0.000000 242 85 93
-0.916017 1.925490 0.044871 242 85 93
-0.918571 1.912653 0.088017 242 85 93
-0.922717 1.891807 0.127781 242 85 93
-0.928298 1.863754 0.162635 242 85 93
-0.935097 1.829570 0.191238 242 85 93
-0.942855 1.790570 0.212492 242 85 93
-0.951272 1.748253 0.225581 242 85 93
-0.960026 1.704244 0.230000 242 85 93
-0.968780 1.660235 0.225581 242 85 93
-0.977197 1.617918 0.212492 242 85 93
-0.984955 1.578918 0.191238 242 85 93
-0.991754 1.544734 0.162635 242 85 93
-0.997335 1.516681 0.127781 242 85 93
-1.001481 1.495835 0.088017 242 85 93
-1.004035 1.482998 0.044871 242 85 93
-1.004897 1.478663 0.000000 242 85 93
-1.004035 1.482998 -0.044871 242 85 93
-1.001481 1.495835 -0.088017 242 85 93
-0.997335 1.516681 -0.127781 242 85 93
-0.991754 1.544734 -0.162635 242 85 93
-0.984955 1.578918 -0.191238 242 85 93
-0.977197 1.617918 -0.212492 242 85 93
-0.968780 1.660235 -0.225581 242 85 93
-0.960026 1.704244 -0.230000 242 85 93
-0.951272 1.748253 -0.225581 242 85 93
-0.942855 1.790570 -0.212492 242 85 93
-0.935097 1.829570 -0.191238 242 85 93
-0.928298 1.863754 -0.162635 242 85 93
-0.922717 1.891807 -0.127781 242 85 93
-0.918571 1.912653 -0.088017 242 85 93
-0.916017 1.925490 -0.044871 242 85 93
-0.982947 1.941017 0.000000 242 85 91
-0.983524 1.936636 0.044871 242 85 91
-0.985233 1.923659 0.088017 242 85 91
-0.988007 1.902587 0.127781 242 85 91
-0.991740 1.874228 0.162635 242 85 91
-0.996290 1.839673 0.191238 242 85 91
-1.001480 1.800249 0.212492 242 85 91
-1.007112 1.757472 0.225581 242 85 91
-1.012969 1.712985 0.230000 242 85 91
-1.018825 1.668498 0.225581 242 85 91
-1.024457 1.625721 0.212492 242 85 91
-1.029647 1.586297 0.191238 242 85 91
-1.034197 1.551742 0.162635 242 85 91
-1.037930 1.523383 0.127781 242 85 91
-1.040704 1.502310 0.088017 242 85 91
-1.042413 1.489334 0.044871 242 85 91
-1.042990 1.484952 0.000000 242 85 91
-1.042413 1.489334 -0.044871 242 85 91
-1.040704 1.502310 -0.088017 242 85 91
-1.037930 1.523383 -0.127781 242 85 91
-1.034197 1.551742 -0.162635 242 85 91
-1.029647 1.586297 -0.191238 242 85 91
-1.024457 1.625721 -0.212492 242 85 91
-1.018825 1.668498 -0.225581 242 85 91
-1.012969 1.712985 -0.230000 242 85 91
-1.007112 1.757472 -0.225581 242 85 91
-1.001480 1.800249 -0.212492 242 85 91
-0.996290 1.839673 -0.191238 242 85 91
-0.991740 1.874228 -0.162635 242 85 91
-0.988007 1.902587 -0.127781 242 85 91
-0.985233 1.923659 -0.088017 242 85 91
-0.983524 1.936636 -0.044871 242 85 91
-1.051327 1.947752 0.000000 242 85 89
-1.051616 1.943342 0.044871 242 85 89
-1.052472 1.930282 0.088017 242 85 89
-1.053862 1.909073 0.127781 242 85 89
-1.055733 1.880531 0.162635 242 85 89
-1.058012 1.845752 0.191238 242 85 89
-1.060613 1.806073 0.212492 242 85 89
-1.063435 1.763019 0.225581 242 85 89
-1.066369 1.718244 0.230000 242 85 89
-1.069304 1.673470 0.225581 242 85 89
-1.072126 1.630416 0.212492 242 85 89
-1.074727 1.590737 0.191238 242 85 89
-1.077006 1.555958 0.162635 242 85 89
-1.078877 1.527416 0.127781 242 85 89
-1.080267 1.506207 0.088017 242 85 89
-1.081123 1.493147 0.044871 242 85 89
-1.081412 1.488737 0.000000 242 85 89
-1.081123 1.493147 -0.044871 242 85 89
-1.080267 1.506207 -0.088017 242 85 89
-1.078877 1.527416 -0.127781 242 85 89
-1.077006 1.555958 -0.162635 242 85 89
-1.074727 1.590737 -0.191238 242 85 89
-1.072126 1.630416 -0.212492 242 85 89
-1.069304 1.673470 -0.225581 242 85 89
-1.066369 1.718244 -0.230000 242 85 89
-1.063435 1.763019 -0.225581 242 85 89
-1.060613 1.806073 -0.212492 242 85 89
-1.058012 1.845752 -0.191238 242 85 89
-1.055733 1.880531 -0.162635 242 85 89
-1.053862 1.909073 -0.127781 242 85 89
-1.052472 1.930282 -0.088017 242 85 89
-1.051616 1.943342 -0.044871 242 85 89
-1.120000 1.950000 0.000000 242 85 87
-1.120000 1.945581 0.044871 242 85 87
-1.120000 1.932492 0.088017 242 85 87
-1.120000 1.911238 0.127781 242 85 87
-1.120000 1.882635 0.162635 242 85 87
-1.120000 1.847781 0.191238 242 85 87
-1.120000 1.808017 0.212492 242 85 87
-1.120000 1.764871 0.225581 242 85 87
-1.120000 1.720000 0.230000 242 85 87
-1.120000 1.675129 0.225581 242 85 87
-1.120000 1.631983 0.212492 242 85 87
-1.120000 1.592219 0.191238 242 85 87
-1.120000 1.557365 0.162635 242 85 87
-1.120000 1.528762 0.127781 242 85 87
-1.120000 1.507508 0.088017 242 85 87
-1.120000 1.494419 0.044871 242 85 87
-1.120000 1.490000 0.000000 242 85 87
-1.120000 1.494419 -0.044871 242 85 87
-1.120000 1.507508 -0.088017 242 85 87
-1.120000 1.528762 -0.127781 242 85 87
-1.120000 1.557365 -0.162635 242 85 87
-1.120000 1.592219 -0.191238 242 85 87
-1.120000 1.631983 -0.212492 242 85 87
-1.120000 1.675129 -0.225581 242 85 87
-1.120000 1.720000 -0.230000 242 85 87
-1.120000 1.764871 -0.225581 242 85 87
-1.120000 1.808017 -0.212492 242 85 87
-1.120000 1.847781 -0.191238 242 85 87
-1.120000 1.882635 -0.162635 242 85 87
-1.120000 1.911238 -0.127781 242 85 87
-1.120000 1.932492 -0.088017 242 85 87
-1.120000 1.945581 -0.044871 242 85 87
-1.188673 1.947752 0.000000 242 85 85
-1.188384 1.943342 0.044871 242 85 85
-1.187528 1.930282 0.088017 242 85 85
-1.186138 1.909073 0.127781 242 85 85
-1.184267 1.880531 0.162635 242 85 85
-1.181988 1.845752 0.191238 242 85 85
-1.179387 1.806073 0.212492 242 85 85
-1.176565 1.763019 0.225581 242 85 85
-1.173631 1.718244 0.230000 242 85 85
-1.170696 1.673470 0.225581 242 85 85
-1.167874 1.630416 0.212492 242 85 85
-1.165273 1.590737 0.191238 242 85 85
-1.162994 1.555958 0.162635 242 85 85
-1.161123 1.527416 0.127781 242 85 85
-1.159733 1.506207 0.088017 242 85 85
-1.158877 1.493147 0.044871 242 85 85
-1.158588 1.488737 0.000000 242 85 85
-1.158877 1.493147 -0.044871 242 85 85
-1.159733 1.506207 -0.088017 242 85 85
-1.161123 1.527416 -0.127781 242 85 85
-1.162994 1.555958 -0.162635 242 85 85
-1.165273 1.590737 -0.191238 242 85 85
-1.167874 1.630416 -0.212492 242 85 85
-1.170696 1.673470 -0.225581 242 85 85
-1.173631 1.718244 -0.230000 242 85 85
-1.176565 1.763019 -0.225581 242 85 85
-1.179387 1.806073 -0.212492 242 85 85
-1.181988 1.845752 -0.191238 242 85 85
-1.184267 1.880531 -0.162635 242 85 85
-1.186138 1.909073 -0.127781 242 85 85
-1.187528 1.930282 -0.088017 242 85 85
-1.188384 1.943342 -0.044871 242 85 85
-1.257053 1.941017 0.000000 242 86 85
-1.256476 1.936636 0.044871 242 86 85
-1.254767 1.923659 0.088017 242 86 85
-1.251993 1.902587 0.127781 242 86 85
-1.248260 1.874228 0.162635 242 86 85
-1.243710 1.839673 0.191238 242 86 85
-1.238520 1.800249 0.212492 242 86 85
-1.232888 1.757472 0.225581 242 86 85
-1.227031 1.712985 0.230000 242 86 85
-1.221175 1.668498 0.225581 242 86 85
-1.215543 1.625721 0.212492 242 86 85
-1.210353 1.586297 0.191238 242 86 85
-1.205803 1.551742 0.162635 242 86 85
-1.202070 1.523383 0.127781 242 86 85
-1.199296 1.502310 0.088017 242 86 85
-1.197587 1.489334 0.044871 242 86 85
-1.197010 1.484952 0.000000 242 86 85
-1.197587 1.489334 -0.044871 242 86 85
-1.199296 1.502310 -0.088017 242 86 85
-1.202070 1.523383 -0.127781 242 86 85
-1.205803 1.551742 -0.162635 242 86 85
-1.210353 1.586297 -0.191238 242 86 85
-1.215543 1.625721 -0.212492 242 86 85
-1.221175 1.668498 -0.225581 242 86 85
-1.227031 1.712985 -0.230000 242 86 85
-1.232888 1.757472 -0.225581 242 86 85
-1.238520 1.800249 -0.212492 242 86 85
-1.243710 1.839673 -0.191238 242 86 85
-1.248260 1.874228 -0.162635 242 86 85
-1.251993 1.902587 -0.127781 242 86 85
-1.254767 1.923659 -0.088017 242 86 85
-1.256476 1.936636 -0.044871 242 86 85
-1.324845 1.929825 0.000000 242 88 85
-1.323983 1.925490 0.044871 242 88 85
-1.321429 1.912653 0.088017 242 88 85
-1.317283 1.891807 0.127781 242 88 85
-1.311702 1.863754 0.162635 242 88 85
-1.304903 1.829570 0.191238 242 88 85
-1.297145 1.790570 0.212492 242 88 85
-1.288728 1.748253 0.225581 242 88 85
-1.279974 1.704244 0.230000 242 88 85
-1.271220 1.660235 0.225581 242 88 85
-1.262803 1.617918 0.212492 242 88 85
-1.255045 1.578918 0.191238 242 88 85
-1.248246 1.544734 0.162635 242 88 85
-1.242665 1.516681 0.127781 242 88 85
-1.238519 1.495835 0.088017 242 88 85
-1.235965 1.482998 0.044871 242 88 85
-1.235103 1.478663 0.000000 242 88 85
-1.235965 1.482998 -0.044871 242 88 85
-1.238519 1.495835 -0.088017 242 88 85
-1.242665 1.516681 -0.127781 242 88 85
-1.248246 1.544734 -0.162635 242 88 85
-1.255045 1.578918 -0.191238 242 88 85
-1.262803 1.617918 -0.212492 242 88 85
-1.271220 1.660235 -0.225581 242 88 85
-1.279974 1.704244 -0.230000 242 88 85
-1.288728 1.748253 -0.225581 242 88 85
-1.297145 1.790570 -0.212492 242 88 85
-1.304903 1.829570 -0.191238 242 88 85
-1.311702 1.863754 -0.162635 242 88 85
-1.317283 1.891807 -0.127781 242 88 85
-1.321429 1.912653 -0.088017 242 88 85
-1.323983 1.925490 -0.044871 242 88 85
-1.391760 1.914222 0.000000 242 90 85
-1.390616 1.909953 0.044871 242 90 85
-1.387229 1.897311 0.088017 242 90 85
-1.381728 1.876781 0.127781 242 90 85
-1.374325 1.849152 0.162635 242 90 85
-1.365304 1.815486 0.191238 242 90 85
-1.355012 1.777077 0.212492 242 90 85
-1.343845 1.735401 0.225581 242 90 85
-1.332232 1.692059 0.230000 242 90 85
-1.320618 1.648717 0.225581 242 90 85
-1.309451 1.607041 0.212492 242 90 85
-1.299159 1.568632 0.191238 242 90 85
-1.290139 1.534966 0.162635 242 90 85
-1.282736 1.507337 0.127781 242 90 85
-1.277235 1.486807 0.088017 242 90 85
-1.273847 1.474165 0.044871 242 90 85
-1.272703 1.469896 0.000000 242 90 85
-1.273847 1.474165 -0.044871 242 90 85
-1.277235 1.486807 -0.088017 242 90 85
-1.282736 1.507337 -0.127781 242 90 85
-1.290139 1.534966 -0.162635 242 90 85
-1.299159 1.568632 -0.191238 242 90 85
-1.309451 1.607041 -0.212492 242 90 85
-1.320618 1.648717 -0.225581 242 90 85
-1.332232 1.692059 -0.230000 242 90 85
-1.343845 1.735401 -0.225581 242 90 85
-1.355012 1.777077 -0.212492 242 90 85
-1.365304 1.815486 -0.191238 242 90 85
-1.374325 1.849152 -0.162635 242 90 85
-1.381728 1.876781 -0.127781 242 90 85
-1.387229 1.897311 -0.088017 242 90 85
-1.390616 1.909953 -0.044871 242 90 85
-1.457511 1.894277 0.000000 242 92 85
-1.456091 1.890092 0.044871 242 92 85
-1.451884 1.877698 0.088017 242 92 85
-1.445052 1.857572 0.127781 242 92 85
-1.435858 1.830486 0.162635 242 92 85
-1.424654 1.797483 0.191238 242 92 85
-1.411873 1.759829 0.212492 242 92 85
-1.398004 1.718972 0.225581 242 92 85
-1.383580 1.676483 0.230000 242 92 85
-1.369157 1.633993 0.225581 242 92 85
-1.355288 1.593137 0.212492 242 92 85
-1.342506 1.555483 0.191238 242 92 85
-1.331303 1.522479 0.162635 242 92 85
-1.322109 1.495394 0.127781 242 92 85
-1.315277 1.475267 0.088017 242 92 85
-1.311070 1.462874 0.044871 242 92 85
-1.309649 1.458689 0.000000 242 92 85
-1.311070 1.462874 -0.044871 242 92 85
-1.315277 1.475267 -0.088017 242 92 85
-1.322109 1.495394 -0.127781 242 92 85
-1.331303 1.522479 -0.162635 242 92 85
-1.342506 1.555483 -0.191238 242 92 85
-1.355288 1.593137 -0.212492 242 92 85
-1.369157 1.633993 -0.225581 242 92 85
-1.383580 1.676483 -0.230000 242 92 85
-1.398004 1.718972 -0.225581 242 92 85
-1.411873 1.759829 -0.212492 242 92 85
-1.424654 1.797483 -0.191238 242 92 85
-1.435858 1.830486 -0.162635 242 92 85
-1.445052 1.857572 -0.127781 242 92 85
-1.451884 1.877698 -0.088017 242 92 85
-1.456091 1.890092 -0.044871 242 92 85
-1.521818 1.870074 0.000000 242 94 85
-1.520126 1.865991 0.044871 242 94 85
-1.515118 1.853898 0.088017 242 94 85
-1.506984 1.834262 0.127781 242 94 85
-1.496038 1.807836 0.162635 242 94 85
-1.482700 1.775636 0.191238 242 94 85
-1.467483 1.738898 0.212492 242 94 85
-1.450972 1.699036 0.225581 242 94 85
-1.433800 1.657581 0.230000 242 94 85
-1.416629 1.616126 0.225581 242 94 85
-1.400118 1.576264 0.212492 242 94 85
-1.384901 1.539527 0.191238 242 94 85
-1.371563 1.507326 0.162635 242 94 85
-1.360617 1.480900 0.127781 242 94 85
-1.352483 1.461264 0.088017 242 94 85
-1.347474 1.449172 0.044871 242 94 85
-1.345783 1.445089 0.000000 242 94 85
-1.347474 1.449172 -0.044871 242 94 85
-1.352483 1.461264 -0.088017 242 94 85
-1.360617 1.480900 -0.127781 242 94 85
-1.371563 1.507326 -0.162635 242 94 85
-1.384901 1.539527 -0.191238 242 94 85
-1.400118 1.576264 -0.212492 242 94 85
-1.416629 1.616126 -0.225581 242 94 85
-1.433800 1.657581 -0.230000 242 94 85
-1.450972 1.699036 -0.225581 242 94 85
-1.467483 1.738898 -0.212492 242 94 85
-1.482700 1.775636 -0.191238 242 94 85
-1.496038 1.807836 -0.162635 242 94 85
-1.506984 1.834262 -0.127781 242 94 85
-1.515118 1.853898 -0.088017 242 94 85
-1.520126 1.865991 -0.044871 242 94 85
-1.584403 1.841716 0.000000 242 96 85
-1.582448 1.837753 0.044871 242 96 85
-1.576660 1.826014 0.088017 242 96 85
-1.567259 1.806952 0.127781 242 96 85
-1.554608 1.781298 0.162635 242 96 85
-1.539193 1.750039 0.191238 242 96 85
-1.521606 1.714376 0.212492 242 96 85
-1.502523 1.675679 0.225581 242 96 85
-1.482677 1.635436 0.230000 242 96 85
-1.462831 1.595192 0.225581 242 96 85
-1.443748 1.556495 0.212492 242 96 85
-1.426161 1.520832 0.191238 242 96 85
-1.410745 1.489573 0.162635 242 96 85
-1.398094 1.463919 0.127781 242 96 85
-1.388694 1.444857 0.088017 242 96 85
-1.382905 1.433119 0.044871 242 96 85
-1.380950 1.429155 0.000000 242 96 85
-1.382905 1.433119 -0.044871 242 96 85
-1.388694 1.444857 -0.088017 242 96 85
-1.398094 1.463919 -0.127781 242 96 85
-1.410745 1.489573 -0.162635 242 96 85
-1.426161 1.520832 -0.191238 242 96 85
-1.443748 1.556495 -0.212492 242 96 85
-1.462831 1.595192 -0.225581 242 96 85
-1.482677 1.635436 -0.230000 242 96 85
-1.502523 1.675679 -0.225581 242 96 85
-1.521606 1.714376 -0.212492 242 96 85
-1.539193 1.750039 -0.191238 242 96 85
-1.554608 1.781298 -0.162635 242 96 85
-1.567259 1.806952 -0.127781 242 96 85
-1.576660 1.826014 -0.088017 242 96 85
-1.582448 1.837753 -0.044871 242 96 85
-1.645000 1.809327 0.000000 242 97 85
-1.642790 1.805499 0.044871 242 97 85
-1.636246 1.794165 0.088017 242 97 85
-1.625619 1.775758 0.127781 242 97 85
-1.611317 1.750986 0.162635 242 97 85
-1.593891 1.720803 0.191238 242 97 85
-1.574009 1.686366 0.212492 242 97 85
-1.552435 1.649000 0.225581 242 97 85
-1.530000 1.610141 0.230000 242 97 85
-1.507565 1.571282 0.225581 242 97 85
-1.485991 1.533916 0.212492 242 97 85
-1.466109 1.499479 0.191238 242 97 85
-1.448683 1.469295 0.162635 242 97 85
-1.434381 1.444524 0.127781 242 97 85
-1.423754 1.426117 0.088017 242 97 85
-1.417210 1.414782 0.044871 242 97 85
-1.415000 1.410955 0.000000 242 97 85
-1.417210 1.414782 -0.044871 242 97 85
-1.423754 1.426117 -0.088017 242 97 85
-1.434381 1.444524 -0.127781 242 97 85
-1.448683 1.469295 -0.162635 242 97 85
-1.466109 1.499479 -0.191238 242 97 85
-1.485991 1.533916 -0.212492 242 97 85
-1.507565 1.571282 -0.225581 242 97 85
-1.530000 1.610141 -0.230000 242 97 85
-1.552435 1.649000 -0.225581 242 97 85
-1.574009 1.686366 -0.212492 242 97 85
-1.593891 1.720803 -0.191238 242 97 85
-1.611317 1.750986 -0.162635 242 97 85
-1.625619 1.775758 -0.127781 242 97 85
-1.636246 1.794165 -0.088017 242 97 85
-1.642790 1.805499 -0.044871 242 97 85
-1.703349 1.773043 0.000000 242 99 85
-1.700893 1.769369 0.044871 242 99 85
-1.693622 1.758486 0.088017 242 99 85
-1.681814 1.740814 0.127781 242 99 85
-1.665923 1.717031 0.162635 242 99 85
-1.646559 1.688051 0.191238 242 99 85
-1.624467 1.654989 0.212492 242 99 85
-1.600496 1.619114 0.225581 242 99 85
-1.575568 1.581805 0.230000 242 99 85
-1.550639 1.544496 0.225581 242 99 85
-1.526668 1.508621 0.212492 242 99 85
-1.504576 1.475559 0.191238 242 99 85
-1.485213 1.446579 0.162635 242 99 85
-1.469321 1.422796 0.127781 242 99 85
-1.457513 1.405124 0.088017 242 99 85
-1.450242 1.394242 0.044871 242 99 85
-1.447786 1.390567 0.000000 242 99 85
-1.450242 1.394242 -0.044871 242 99 85
-1.457513 1.405124 -0.088017 242 99 85
-1.469321 1.422796 -0.127781 242 99 85
-1.485213 1.446579 -0.162635 242 99 85
-1.504576 1.475559 -0.191238 242 99 85
-1.526668 1.508621 -0.212492 242 99 85
-1.550639 1.544496 -0.225581 242 99 85
-1.575568 1.581805 -0.230000 242 99 85
-1.600496 1.619114 -0.225581 242 99 85
-1.624467 1.654989 -0.212492 242 99 85
-1.646559 1.688051 -0.191238 242 99 85
-1.665923 1.717031 -0.162635 242 99 85
-1.681814 1.740814 -0.127781 242 99 85
-1.693622 1.758486 -0.088017 242 99 85
-1.700893 1.769369 -0.044871 242 99 85
-1.759200 1.733021 0.000000 242 101 85
-1.756509 1.729515 0.044871 242 101 85
-1.748541 1.719131 0.088017 242 101 85
-1.735603 1.702269 0.127781 242 101 85
-1.718190 1.679576 0.162635 242 101 85
-1.696973 1.651925 0.191238 242 101 85
-1.672766 1.620378 0.212492 242 101 85
-1.646500 1.586148 0.225581 242 101 85
-1.619184 1.550550 0.230000 242 101 85
-1.591869 1.514951 0.225581 242 101 85
-1.565603 1.480721 0.212492 242 101 85
-1.541396 1.449174 0.191238 242 101 85
-1.520179 1.421523 0.162635 242 101 85
-1.502766 1.398830 0.127781 242 101 85
-1.489827 1.381968 0.088017 242 101 85
-1.481860 1.371585 0.044871 242 101 85
-1.479169 1.368078 0.000000 242 101 85
-1.481860 1.371585 -0.044871 242 101 85
-1.489827 1.381968 -0.088017 242 101 85
-1.502766 1.398830 -0.127781 242 101 85
-1.520179 1.421523 -0.162635 242 101 85
-1.541396 1.449174 -0.191238 242 101 85
-1.565603 1.480721 -0.212492 242 101 85
-1.591869 1.514951 -0.225581 242 101 85
-1.619184 1.550550 -0.230000 242 101 85
-1.646500 1.586148 -0.225581 242 101 85
-1.672766 1.620378 -0.212492 242 101 85
-1.696973 1.651925 -0.191238 242 101 85
-1.718190 1.679576 -0.162635 242 101 85
-1.735603 1.702269 -0.127781 242 101 85
-1.748541 1.719131 -0.088017 242 101 85
-1.756509 1.729515 -0.044871 242 101 85
-1.812313 1.689432 0.000000 242 103 85
-1.809399 1.686109 0.044871 242 103 85
-1.800769 1.676269 0.088017 242 103 85
-1.786756 1.660289 0.127781 242 103 85
-1.767896 1.638784 0.162635 242 103 85
-1.744916 1.612580 0.191238 242 103 85
-1.718697 1.582683 0.212492 242 103 85
-1.690249 1.550244 0.225581 242 103 85
-1.660664 1.516509 0.230000 242 103 85
-1.631078 1.482773 0.225581 242 103 85
-1.602630 1.450334 0.212492 242 103 85
-1.576412 1.420438 0.191238 242 103 85
-1.553431 1.394234 0.162635 242 103 85
-1.534572 1.372728 0.127781 242 103 85
-1.520558 1.356748 0.088017 242 103 85
-1.511928 1.346908 0.044871 242 103 85
-1.509014 1.343585 0.000000 242 103 85
-1.511928 1.346908 -0.044871 242 103 85
-1.520558 1.356748 -0.088017 242 103 85
-1.534572 1.372728 -0.127781 242 103 85
-1.553431 1.394234 -0.162635 242 103 85
-1.576412 1.420438 -0.191238 242 103 85
-1.602630 1.450334 -0.212492 242 103 85
-1.631078 1.482773 -0.225581 242 103 85
-1.660664 1.516509 -0.230000 242 103 85
-1.690249 1.550244 -0.225581 242 103 85
-1.718697 1.582683 -0.212492 242 103 85
-1.744916 1.612580 -0.191238 242 103 85
-1.767896 1.638784 -0.162635 242 103 85
-1.786756 1.660289 -0.127781 242 103 85
-1.800769 1.676269 -0.088017 242 103 85
-1.809399 1.686109 -0.044871 242 103 85
-1.862462 1.642462 0.000000 242 105 85
-1.859337 1.639337 0.044871 242 105 85
-1.850082 1.630082 0.088017 242 105 85
-1.835053 1.615053 0.127781 242 105 85
-1.814828 1.594828 0.162635 242 105 85
-1.790182 1.570182 0.191238 242 105 85
-1.762065 1.542065 0.212492 242 105 85
-1.731556 1.511556 0.225581 242 105 85
-1.699828 1.479828 0.230000 242 105 85
-1.668099 1.448099 0.225581 242 105 85
-1.637590 1.417590 0.212492 242 105 85
-1.609473 1.389473 0.191238 242 105 85
-1.584828 1.364828 0.162635 242 105 85
-1.564602 1.344602 0.127781 242 105 85
-1.549573 1.329573 0.088017 242 105 85
-1.540318 1.320318 0.044871 242 105 85
-1.537193 1.317193 0.000000 242 105 85
-1.540318 1.320318 -0.044871 242 105 85
-1.549573 1.329573 -0.088017 242 105 85
-1.564602 1.344602 -0.127781 242 105 85
-1.584828 1.364828 -0.162635 242 105 85
-1.609473 1.389473 -0.191238 242 105 85
-1.637590 1.417590 -0.212492 242 105 85
-1.668099 1.448099 -0.225581 242 105 85
-1.699828 1.479828 -0.230000 242 105 85
-1.731556 1.511556 -0.225581 242 105 85
-1.762065 1.542065 -0.212492 242 105 85
-1.790182 1.570182 -0.191238 242 105 85
-1.814828 1.594828 -0.162635 242 105 85
-1.835053 1.615053 -0.127781 242 105 85
-1.850082 1.630082 -0.088017 242 105 85
-1.859337 1.639337 -0.044871 242 105 85
-1.909432 1.592313 0.000000 242 107 85
-1.906109 1.589399 0.044871 242 107 85
-1.896269 1.580769 0.088017 242 107 85
-1.880289 1.566756 0.127781 242 107 85
-1.858784 1.547896 0.162635 242 107 85
-1.832580 1.524916 0.191238 242 107 85
-1.802683 1.498697 0.212492 242 107 85
-1.770244 1.470249 0.225581 242 107 85
-1.736509 1.440664 0.230000 242 107 85
-1.702773 1.411078 0.225581 242 107 85
-1.670334 1.382630 0.212492 242 107 85
-1.640438 1.356412 0.191238 242 107 85
-1.614234 1.333431 0.162635 242 107 85
-1.592728 1.314572 0.127781 242 107 85
-1.576748 1.300558 0.088017 242 107 85
-1.566908 1.291928 0.044871 242 107 85
-1.563585 1.289014 0.000000 242 107 85
-1.566908 1.291928 -0.044871 242 107 85
-1.576748 1.300558 -0.088017 242 107 85
-1.592728 1.314572 -0.127781 242 107 85
-1.614234 1.333431 -0.162635 242 107 85
-1.640438 1.356412 -0.191238 242 107 85
-1.670334 1.382630 -0.212492 242 107 85
-1.702773 1.411078 -0.225581 242 107 85
-1.736509 1.440664 -0.230000 242 107 85
-1.770244 1.470249 -0.225581 242 107 85
-1.802683 1.498697 -0.212492 242 107 85
-1.832580 1.524916 -0.191238 242 107 85
-1.858784 1.547896 -0.162635 242 107 85
-1.880289 1.566756 -0.127781 242 107 85
-1.896269 1.580769 -0.088017 242 107 85
-1.906109 1.589399 -0.044871 242 107 85
-1.953021 1.539200 0.000000 242 109 85
-1.949515 1.536509 0.044871 242 109 85
-1.939131 1.528541 0.088017 242 109 85
-1.922269 1.515603 0.127781 242 109 85
-1.899576 1.498190 0.162635 242 109 85
-1.871925 1.476973 0.191238 242 109 85
-1.840378 1.452766 0.212492 242 109 85
-1.806148 1.426500 0.225581 242 109 85
-1.770550 1.399184 0.230000 242 109 85
-1.734951 1.371869 0.225581 242 109 85
-1.700721 1.345603 0.212492 242 109 85
-1.669174 1.321396 0.191238 242 109 85
-1.641523 1.300179 0.162635 242 109 85
-1.618830 1.282766 0.127781 242 109 85
-1.601968 1.269827 0.088017 242 109 85
-1.591585 1.261860 0.044871 242 109 85
-1.588078 1.259169 0.000000 242 109 85
-1.591585 1.261860 -0.044871 242 109 85
-1.601968 1.269827 -0.088017 242 109 85
-1.618830 1.282766 -0.127781 242 109 85
-1.641523 1.300179 -0.162635 242 109 85
-1.669174 1.321396 -0.191238 242 109 85
-1.700721 1.345603 -0.212492 242 109 85
-1.734951 1.371869 -0.225581 242 109 85
-1.770550 1.399184 -0.230000 242 109 85
-1.806148 1.426500 -0.225581 242 109 85
-1.840378 1.452766 -0.212492 242 109 85
-1.871925 1.476973 -0.191238 242 109 85
-1.899576 1.498190 -0.162635 242 109 85
-1.922269 1.515603 -0.127781 242 109 85
-1.939131 1.528541 -0.088017 242 109 85
-1.949515 1.536509 -0.044871 242 109 85
-1.993043 1.483349 0.000000 242 110 85
-1.989369 1.480893 0.044871 242 110 85
-1.978486 1.473622 0.088017 242 110 85
-1.960814 1.461814 0.127781 242 110 85
-1.937031 1.445923 0.162635 242 110 85
-1.908051 1.426559 0.191238 242 110 85
-1.874989 1.404467 0.212492 242 110 85
-1.839114 1.380496 0.225581 242 110 85
-1.801805 1.355568 0.230000 242 110 85
-1.764496 1.330639 0.225581 242 110 85
-1.728621 1.306668 0.212492 242 110 85
-1.695559 1.284576 0.191238 242 110 85
-1.666579 1.265213 0.162635 242 110 85
-1.642796 1.249321 0.127781 242 110 85
-1.625124 1.237513 0.088017 242 110 85
-1.614242 1.230242 0.044871 242 110 85
-1.610567 1.227786 0.000000 242 110 85
-1.614242 1.230242 -0.044871 242 110 85
-1.625124 1.237513 -0.088017 242 110 85
-1.642796 1.249321 -0.127781 242 110 85
-1.666579 1.265213 -0.162635 242 110 85
-1.695559 1.284576 -0.191238 242 110 85
-1.728621 1.306668 -0.212492 242 110 85
-1.764496 1.330639 -0.225581 242 110 85
-1.801805 1.355568 -0.230000 242 110 85
-1.839114 1.380496 -0.225581 242 110 85
-1.874989 1.404467 -0.212492 242 110 85
-1.908051 1.426559 -0.191238 242 110 85
-1.937031 1.445923 -0.162635 242 110 85
-1.960814 1.461814 -0.127781 242 110 85
-1.978486 1.473622 -0.088017 242 110 85
-1.989369 1.480893 -0.044871 242 110 85
-2.029327 1.425000 0.000000 242 112 85
-2.025499 1.422790 0.044871 242 112 85
-2.014165 1.416246 0.088017 242 112 85
-1.995758 1.405619 0.127781 242 112 85
-1.970986 1.391317 0.162635 242 112 85
-1.940803 1.373891 0.191238 242 112 85
-1.906366 1.354009 0.212492 242 112 85
-1.869000 1.332435 0.225581 242 112 85
-1.830141 1.310000 0.230000 242 112 85
-1.791282 1.287565 0.225581 242 112 85
-1.753916 1.265991 0.212492 242 112 85
-1.719479 1.246109 0.191238 242 112 85
-1.689295 1.228683 0.162635 242 112 85
-1.664524 1.214381 0.127781 242 112 85
-1.646117 1.203754 0.088017 242 112 85
-1.634782 1.197210 0.044871 242 112 85
-1.630955 1.195000 0.000000 242 112 85
-1.634782 1.197210 -0.044871 242 112 85
-1.646117 1.203754 -0.088017 242 112 85
-1.664524 1.214381 -0.127781 242 112 85
-1.689295 1.228683 -0.162635 242 112 85
-1.719479 1.246109 -0.191238 242 112 85
-1.753916 1.265991 -0.212492 242 112 85
-1.791282 1.287565 -0.225581 242 112 85
-1.830141 1.310000 -0.230000 242 112 85
-1.869000 1.332435 -0.225581 242 112 85
-1.906366 1.354009 -0.212492 242 112 85
-1.940803 1.373891 -0.191238 242 112 85
-1.970986 1.391317 -0.162635 242 112 85
-1.995758 1.405619 -0.127781 242 112 85
-2.014165 1.416246 -0.088017 242 112 85
-2.025499 1.422790 -0.044871 242 112 85
-2.061716 1.364403 0.000000 242 114 85
-2.057753 1.362448 0.044871 242 114 85
-2.046014 1.356660 0.088017 242 114 85
-2.026952 1.347259 0.127781 242 114 85
-2.001298 1.334608 0.162635 242 114 85
-1.970039 1.319193 0.191238 242 114 85
-1.934376 1.301606 0.212492 242 114 85
-1.895679 1.282523 0.225581 242 114 85
-1.855436 1.262677 0.230000 242 114 85
-1.815192 1.242831 0.225581 242 114 85
-1.776495 1.223748 0.212492 242 114 85
-1.740832 1.206161 0.191238 242 114 85
-1.709573 1.190745 0.162635 242 114 85
-1.683919 1.178094 0.127781 242 114 85
-1.664857 1.168694 0.088017 242 114 85
-1.653119 1.162905 0.044871 242 114 85
-1.649155 1.160950 0.000000 242 114 85
-1.653119 1.162905 -0.044871 242 114 85
-1.664857 1.168694 -0.088017 242 114 85
-1.683919 1.178094 -0.127781 242 114 85
-1.709573 1.190745 -0.162635 242 114 85
-1.740832 1.206161 -0.191238 242 114 85
-1.776495 1.223748 -0.212492 242 114 85
-1.815192 1.242831 -0.225581 242 114 85
-1.855436 1.262677 -0.230000 242 114 85
-1.895679 1.282523 -0.225581 242 114 85
-1.934376 1.301606 -0.212492 242 114 85
-1.970039 1.319193 -0.191238 242 114 85
-2.001298 1.334608 -0.162635 242 114 85
-2.026952 1.347259 -0.127781 242 114 85
-2.046014 1.356660 -0.088017 242 114 85
-2.057753 1.362448 -0.044871 242 114 85
-2.090074 1.301818 0.000000 242 116 85
-2.085991 1.300126 0.044871 242 116 85
-2.073898 1.295118 0.088017 242 116 85
-2.054262 1.286984 0.127781 242 116 85
-2.027836 1.276038 0.162635 242 116 85
-1.995636 1.262700 0.191238 242 116 85
-1.958898 1.247483 0.212492 242 116 85
-1.919036 1.230972 0.225581 242 116 85
-1.877581 1.213800 0.230000 242 116 85
-1.836126 1.196629 0.225581 242 116 85
-1.796264 1.180118 0.212492 242 116 85
-1.759527 1.164901 0.191238 242 116 85
-1.727326 1.151563 0.162635 242 116 85
-1.700900 1.140617 0.127781 242 116 85
-1.681264 1.132483 0.088017 242 116 85
-1.669172 1.127474 0.044871 242 116 85
-1.665089 1.125783 0.000000 242 116 85
-1.669172 1.127474 -0.044871 242 116 85
-1.681264 1.132483 -0.088017 242 116 85
-1.700900 1.140617 -0.127781 242 116 85
-1.727326 1.151563 -0.162635 242 116 85
-1.759527 1.164901 -0.191238 242 116 85
-1.796264 1.180118 -0.212492 242 116 85
-1.836126 1.196629 -0.225581 242 116 85
-1.877581 1.213800 -0.230000 242 116 85
-1.919036 1.230972 -0.225581 242 116 85
-1.958898 1.247483 -0.212492 242 116 85
-1.995636 1.262700 -0.191238 242 116 85
-2.027836 1.276038 -0.162635 242 116 85
-2.054262 1.286984 -0.127781 242 116 85
-2.073898 1.295118 -0.088017 242 116 85
-2.085991 1.300126 -0.044871 242 116 85
-2.114277 1.237511 0.000000 242 118 85
-2.110092 1.236091 0.044871 242 118 85
-2.097698 1.231884 0.088017 242 118 85
-2.077572 1.225052 0.127781 242 118 85
-2.050486 1.215858 0.162635 242 118 85
-2.017483 1.204654 0.191238 242 118 85
-1.979829 1.191873 0.212492 242 118 85
-1.938972 1.178004 0.225581 242 118 85
-1.896483 1.163580 0.230000 242 118 85
-1.853993 1.149157 0.225581 242 118 85
-1.813137 1.135288 0.212492 242 118 85
-1.775483 1.122506 0.191238 242 118 85
-1.742479 1.111303 0.162635 242 118 85
-1.715394 1.102109 0.127781 242 118 85
-1.695267 1.095277 0.088017 242 118 85
-1.682874 1.091070 0.044871 242 118 85
-1.678689 1.089649 0.000000 242 118 85
-1.682874 1.091070 -0.044871 242 118 85
-1.695267 1.095277 -0.088017 242 118 85
-1.715394 1.102109 -0.127781 242 118 85
-1.742479 1.111303 -0.162635 242 118 85
-1.775483 1.122506 -0.191238 242 118 85
-1.813137 1.135288 -0.212492 242 118 85
-1.853993 1.149157 -0.225581 242 118 85
-1.896483 1.163580 -0.230000 242 118 85
-1.938972 1.178004 -0.225581 242 118 85
-1.979829 1.191873 -0.212492 242 118 85
-2.017483 1.204654 -0.191238 242 118 85
-2.050486 1.215858 -0.162635 242 118 85
-2.077572 1.225052 -0.127781 242 118 85
-2.097698 1.231884 -0.088017 242 118 85
-2.110092 1.236091 -0.044871 242 118 85
-2.134222 1.171760 0.000000 242 120 85
-2.129953 1.170616 0.044871 242 120 85
-2.117311 1.167229 0.088017 242 120 85
-2.096781 1.161728 0.127781 242 120 85
-2.069152 1.154325 0.162635 242 120 85
-2.035486 1.145304 0.191238 242 120 85
-1.997077 1.135012 0.212492 242 120 85
-1.955401 1.123845 0.225581 242 120 85
-1.912059 1.112232 0.230000 242 120 85
-1.868717 1.100618 0.225581 242 120 85
-1.827041 1.089451 0.212492 242 120 85
-1.788632 1.079159 0.191238 242 120 85
-1.754966 1.070139 0.162635 242 120 85
-1.727337 1.062736 0.127781 242 120 85
-1.706807 1.057235 0.088017 242 120 85
-1.694165 1.053847 0.044871 242 120 85
-1.689896 1.052703 0.000000 242 120 85
-1.694165 1.053847 -0.044871 242 120 85
-1.706807 1.057235 -0.088017 242 120 85
-1.727337 1.062736 -0.127781 242 120 85
-1.754966 1.070139 -0.162635 242 120 85
-1.788632 1.079159 -0.191238 242 120 85
-1.827041 1.089451 -0.212492 242 120 85
-1.868717 1.100618 -0.225581 242 120 85
-1.912059 1.112232 -0.230000 242 120 85
-1.955401 1.123845 -0.225581 242 120 85
-1.997077 1.135012 -0.212492 242 120 85
-2.035486 1.145304 -0.191238 242 120 85
-2.069152 1.154325 -0.162635 242 120 85
-2.096781 1.161728 -0.127781 242 120 85
-2.117311 1.167229 -0.088017 242 120 85
-2.129953 1.170616 -0.044871 242 120 85
-2.149825 1.104845 0.000000 242 122 85
-2.145490 1.103983 0.044871 242 122 85
-2.132653 1.101429 0.088017 242 122 85
-2.111807 1.097283 0.127781 242 122 85
-2.083754 1.091702 0.162635 242 122 85
-2.049570 1.084903 0.191238 242 122 85
-2.010570 1.077145 0.212492 242 122 85
-1.968253 1.068728 0.225581 242 122 85
-1.924244 1.059974 0.230000 242 122 85
-1.880235 1.051220 0.225581 242 122 85
-1.837918 1.042803 0.212492 242 122 85
-1.798918 1.035045 0.191238 242 122 85
-1.764734 1.028246 0.162635 242 122 85
-1.736681 1.022665 0.127781 242 122 85
-1.715835 1.018519 0.088017 242 122 85
-1.702998 1.015965 0.044871 242 122 85
-1.698663 1.015103 0.000000 242 122 85
-1.702998 1.015965 -0.044871 242 122 85
-1.715835 1.018519 -0.088017 242 122 85
-1.736681 1.022665 -0.127781 242 122 85
-1.764734 1.028246 -0.162635 242 122 85
-1.798918 1.035045 -0.191238 242 122 85
-1.837918 1.042803 -0.212492 242 122 85
-1.880235 1.051220 -0.225581 242 122 85
-1.924244 1.059974 -0.230000 242 122 85
-1.968253 1.068728 -0.225581 242 122 85
-2.010570 1.077145 -0.212492 242 122 85
-2.049570 1.084903 -0.191238 242 122 85
-2.083754 1.091702 -0.162635 242 122 85
-2.111807 1.097283 -0.127781 242 122 85
-2.132653 1.101429 -0.088017 242 122 85
-2.145490 1.103983 -0.044871 242 122 85
-2.161017 1.037053 0.000000 242 124 85
-2.156636 1.036476 0.044871 242 124 85
-2.143659 1.034767 0.088017 242 124 85
-2.122587 1.031993 0.127781 242 124 85
-2.094228 1.028260 0.162635 242 124 85
-2.059673 1.023710 0.191238 242 124 85
-2.020249 1.018520 0.212492 242 124 85
-1.977472 1.012888 0.225581 242 124 85
-1.932985 1.007031 0.230000 242 124 85
-1.888498 1.001175 0.225581 242 124 85
-1.845721 0.995543 0.212492 242 124 85
-1.806297 0.990353 0.191238 242 124 85
-1.771742 0.985803 0.162635 242 124 85
-1.743383 0.982070 0.127781 242 124 85
-1.722310 0.979296 0.088017 242 124 85
-1.709334 0.977587 0.044871 242 124 85
-1.704952 0.977010 0.000000 242 124 85
-1.709334 0.977587 -0.044871 242 124 85
-1.722310 0.979296 -0.088017 242 124 85
-1.743383 0.982070 -0.127781 242 124 85
-1.771742 0.985803 -0.162635 242 124 85
-1.806297 0.990353 -0.191238 242 124 85
-1.845721 0.995543 -0.212492 242 124 85
-1.888498 1.001175 -0.225581 242 124 85
-1.932985 1.007031 -0.230000 242 124 85
-1.977472 1.012888 -0.225581 242 124 85
-2.020249 1.018520 -0.212492 242 124 85
-2.059673 1.023710 -0.191238 242 124 85
-2.094228 1.028260 -0.162635 242 124 85
-2.122587 1.031993 -0.127781 242 124 85
-2.143659 1.034767 -0.088017 242 124 85
-2.156636 1.036476 -0.044871 242 124 85
-2.167752 0.968673 0.000000 242 125 85
-2.163342 0.968384 0.044871 242 125 85
-2.150282 0.967528 0.088017 242 125 85
-2.129073 0.966138 0.127781 242 125 85
-2.100531 0.964267 0.162635 242 125 85
-2.065752 0.961988 0.191238 242 125 85
-2.026073 0.959387 0.212492 242 125 85
-1.983019 0.956565 0.225581 242 125 85
-1.938244 0.953631 0.230000 242 125 85
-1.893470 0.950696 0.225581 242 125 85
-1.850416 0.947874 0.212492 242 125 85
-1.810737 0.945273 0.191238 242 125 85
-1.775958 0.942994 0.162635 242 125 85
-1.747416 0.941123 0.127781 242 125 85
-1.726207 0.939733 0.088017 242 125 85
-1.713147 0.938877 0.044871 242 125 85
-1.708737 0.938588 0.000000 242 125 85
-1.713147 0.938877 -0.044871 242 125 85
-1.726207 0.939733 -0.088017 242 125 85
-1.747416 0.941123 -0.127781 242 125 85
-1.775958 0.942994 -0.162635 242 125 85
-1.810737 0.945273 -0.191238 242 125 85
-1.850416 0.947874 -0.212492 242 125 85
-1.893470 0.950696 -0.225581 242 125 85
-1.938244 0.953631 -0.230000 242 125 85
-1.983019 0.956565 -0.225581 242 125 85
-2.026073 0.959387 -0.212492 242 125 85
-2.065752 0.961988 -0.191238 242 125 85
-2.100531 0.964267 -0.162635 242 125 85
-2.129073 0.966138 -0.127781 242 125 85
-2.150282 0.967528 -0.088017 242 125 85
-2.163342 0.968384 -0.044871 242 125 85
-2.170000 0.900000 0.000000 242 127 85
-2.165581 0.900000 0.044871 242 127 85
-2.152492 0.900000 0.088017 242 127 85
-2.131238 0.900000 0.127781 242 127 85
-2.102635 0.900000 0.162635 242 127 85
-2.067781 0.900000 0.191238 242 127 85
-2.028017 0.900000 0.212492 242 127 85
-1.984871 0.900000 0.225581 242 127 85
-1.940000 0.900000 0.230000 242 127 85
-1.895129 0.900000 0.225581 242 127 85
-1.851983 0.900000 0.212492 242 127 85
-1.812219 0.900000 0.191238 242 127 85
-1.777365 0.900000 0.162635 242 127 85
-1.748762 0.900000 0.127781 242 127 85
-1.727508 0.900000 0.088017 242 127 85
-1.714419 0.900000 0.044871 242 127 85
-1.710000 0.900000 0.000000 242 127 85
-1.714419 0.900000 -0.044871 242 127 85
-1.727508 0.900000 -0.088017 242 127 85
-1.748762 0.900000 -0.127781 242 127 85
-1.777365 0.900000 -0.162635 242 127 85
-1.812219 0.900000 -0.191238 242 127 85
-1.851983 0.900000 -0.212492 242 127 85
-1.895129 0.900000 -0.225581 242 127 85
-1.940000 0.900000 -0.230000 242 127 85
-1.984871 0.900000 -0.225581 242 127 85
-2.028017 0.900000 -0.212492 242 127 85
-2.067781 0.900000 -0.191238 242 127 85
-2.102635 0.900000 -0.162635 242 127 85
-2.131238 0.900000 -0.127781 242 127 85
-2.152492 0.900000 -0.088017 242 127 85
-2.165581 0.900000 -0.044871 242 127 85
-2.167752 0.831327 0.000000 242 129 85
-2.163342 0.831616 0.044871 242 129 85
-2.150282 0.832472 0.088017 242 129 85
-2.129073 0.833862 0.127781 242 129 85
-2.100531 0.835733 0.162635 242 129 85
-2.065752 0.838012 0.191238 242 129 85
-2.026073 0.840613 0.212492 242 129 85
-1.983019 0.843435 0.225581 242 129 85
-1.938244 0.846369 0.230000 242 129 85
-1.893470 0.849304 0.225581 242 129 85
-1.850416 0.852126 0.212492 242 129 85
-1.810737 0.854727 0.191238 242 129 85
-1.775958 0.857006 0.162635 242 129 85
-1.747416 0.858877 0.127781 242 129 85
-1.726207 0.860267 0.088017 242 129 85
-1.713147 0.861123 0.044871 242 129 85
-1.708737 0.861412 0.000000 242 129 85
-1.713147 0.861123 -0.044871 242 129 85
-1.726207 0.860267 -0.088017 242 129 85
-1.747416 0.858877 -0.127781 242 129 85
-1.775958 0.857006 -0.162635 242 129 85
-1.810737 0.854727 -0.191238 242 129 85
-1.850416 0.852126 -0.212492 242 129 85
-1.893470 0.849304 -0.225581 242 129 85
-1.938244 0.846369 -0.230000 242 129 85
-1.983019 0.843435 -0.225581 242 129 85
-2.026073 0.840613 -0.212492 242 129 85
-2.065752 0.838012 -0.191238 242 129 85
-2.100531 0.835733 -0.162635 242 129 85
-2.129073 0.833862 -0.127781 242 129 85
-2.150282 0.832472 -0.088017 242 129 85
-2.163342 0.831616 -0.044871 242 129 85
-2.161017 0.762947 0.000000 242 131 85
-2.156636 0.763524 0.044871 242 131 85
-2.143659 0.765233 0.088017 242 131 85
-2.122587 0.768007 0.127781 242 131 85
-2.094228 0.771740 0.162635 242 131 85
-2.059673 0.776290 0.191238 242 131 85
-2.020249 0.781480 0.212492 242 131 85
-1.977472 0.787112 0.225581 242 131 85
-1.932985 0.792969 0.230000 242 131 85
-1.888498 0.798825 0.225581 242 131 85
-1.845721 0.804457 0.212492 242 131 85
-1.806297 0.809647 0.191238 242 131 85
-1.771742 0.814197 0.162635 242 131 85
-1.743383 0.817930 0.127781 242 131 85
-1.722310 0.820704 0.088017 242 131 85
-1.709334 0.822413 0.044871 242 131 85
-1.704952 0.822990 0.000000 242 131 85
-1.709334 0.822413 -0.044871 242 131 85
-1.722310 0.820704 -0.088017 242 131 85
-1.743383 0.817930 -0.127781 242 131 85
-1.771742 0.814197 -0.162635 242 131 85
-1.806297 0.809647 -0.191238 242 131 85
-1.845721 0.804457 -0.212492 242 131 85
-1.888498 0.798825 -0.225581 242 131 85
-1.932985 0.792969 -0.230000 242 131 85
-1.977472 0.787112 -0.225581 242 131 85
-2.020249 0.781480 -0.212492 242 131 85
-2.059673 0.776290 -0.191238 242 131 85
-2.094228 0.771740 -0.162635 242 131 85
-2.122587 0.768007 -0.127781 242 131 85
-2.143659 0.765233 -0.088017 242 131 85
-2.156636 0.763524 -0.044871 242 131 85
-2.149825 0.695155 0.000000 242 133 85
-2.145490 0.696017 0.044871 242 133 85
-2.132653 0.698571 0.088017 242 133 85
-2.111807 0.702717 0.127781 242 133 85
-2.083754 0.708298 0.162635 242 133 85
-2.049570 0.715097 0.191238 242 133 85
-2.010570 0.722855 0.212492 242 133 85
-1.968253 0.731272 0.225581 242 133 85
-1.924244 0.740026 0.230000 242 133 85
-1.880235 0.748780 0.225581 242 133 85
-1.837918 0.757197 0.212492 242 133 85
-1.798918 0.764955 0.191238 242 133 85
-1.764734 0.771754 0.162635 242 133 85
-1.736681 0.777335 0.127781 242 133 85
-1.715835 0.781481 0.088017 242 133 85
-1.702998 0.784035 0.044871 242 133 85
-1.698663 0.784897 0.000000 242 133 85
-1.702998 0.784035 -0.044871 242 133 85
-1.715835 0.781481 -0.088017 242 133 85
-1.736681 0.777335 -0.127781 242 133 85
-1.764734 0.771754 -0.162635 242 133 85
-1.798918 0.764955 -0.191238 242 133 85
-1.837918 0.757197 -0.212492 242 133 85
-1.880235 0.748780 -0.225581 242 133 85
-1.924244 0.740026 -0.230000 242 133 85
-1.968253 0.731272 -0.225581 242 133 85
-2.010570 0.722855 -0.212492 242 133 85
-2.049570 0.715097 -0.191238 242 133 85
-2.083754 0.708298 -0.162635 242 133 85
-2.111807 0.702717 -0.127781 242 133 85
-2.132653 0.698571 -0.088017 242 133 85
-2.145490 0.696017 -0.044871 242 133 85
-2.134222 0.628240 0.000000 242 135 85
-2.129953 0.629384 0.044871 242 135 85
-2.117311 0.632771 0.088017 242 135 85
-2.096781 0.638272 0.127781 242 135 85
-2.069152 0.645675 0.162635 242 135 85
-2.035486 0.654696 0.191238 242 135 85
-1.997077 0.664988 0.212492 242 135 85
-1.955401 0.676155 0.225581 242 135 85
-1.912059 0.687768 0.230000 242 135 85
-1.868717 0.699382 0.225581 242 135 85
-1.827041 0.710549 0.212492 242 135 85
-1.788632 0.720841 0.191238 242 135 85
-1.754966 0.729861 0.162635 242 135 85
-1.727337 0.737264 0.127781 242 135 85
-1.706807 0.742765 0.088017 242 135 85
-1.694165 0.746153 0.044871 242 135 85
-1.689896 0.747297 0.000000 242 135 85
-1.694165 0.746153 -0.044871 242 135 85
-1.706807 0.742765 -0.088017 242 135 85
-1.727337 0.737264 -0.127781 242 135 85
-1.754966 0.729861 -0.162635 242 135 85
-1.788632 0.720841 -0.191238 242 135 85
-1.827041 0.710549 -0.212492 242 135 85
-1.868717 0.699382 -0.225581 242 135 85
-1.912059 0.687768 -0.230000 242 135 85
-1.955401 0.676155 -0.225581 242 135 85
-1.997077 0.664988 -0.212492 242 135 85
-2.035486 0.654696 -0.191238 242 135 85
-2.069152 0.645675 -0.162635 242 135 85
-2.096781 0.638272 -0.127781 242 135 85
-2.117311 0.632771 -0.088017 242 135 85
-2.129953 0.629384 -0.044871 242 135 85
-2.114277 0.562489 0.000000 242 137 85
-2.110092 0.563909 0.044871 242 137 85
-2.097698 0.568116 0.088017 242 137 85
-2.077572 0.574948 0.127781 242 137 85
-2.050486 0.584142 0.162635 242 137 85
-2.017483 0.595346 0.191238 242 137 85
-1.979829 0.608127 0.212492 242 137 85
-1.938972 0.621996 0.225581 242 137 85
-1.896483 0.636420 0.230000 242 137 85
-1.853993 0.650843 0.225581 242 137 85
-1.813137 0.664712 0.212492 242 137 85
-1.775483 0.677494 0.191238 242 137 85
-1.742479 0.688697 0.162635 242 137 85
-1.715394 0.697891 0.127781 242 137 85
-1.695267 0.704723 0.088017 242 137 85
-1.682874 0.708930 0.044871 242 137 85
-1.678689 0.710351 0.000000 242 137 85
-1.682874 0.708930 -0.044871 242 137 85
-1.695267 0.704723 -0.088017 242 137 85
-1.715394 0.697891 -0.127781 242 137 85
-1.742479 0.688697 -0.162635 242 137 85
-1.775483 0.677494 -0.191238 242 137 85
-1.813137 0.664712 -0.212492 242 137 85
-1.853993 0.650843 -0.225581 242 137 85
-1.896483 0.636420 -0.230000 242 137 85
-1.938972 0.621996 -0.225581 242 137 85
-1.979829 0.608127 -0.212492 242 137 85
-2.017483 0.595346 -0.191238 242 137 85
-2.050486 0.584142 -0.162635 242 137 85
-2.077572 0.574948 -0.127781 242 137 85
-2.097698 0.568116 -0.088017 242 137 85
-2.110092 0.563909 -0.044871 242 137 85
-2.090074 0.498182 0.000000 242 139 85
-2.085991 0.499874 0.044871 242 139 85
-2.073898 0.504882 0.088017 242 139 85
-2.054262 0.513016 0.127781 242 139 85
-2.027836 0.523962 0.162635 242 139 85
-1.995636 0.537300 0.191238 242 139 85
-1.958898 0.552517 0.212492 242 139 85
-1.919036 0.569028 0.225581 242 139 85
-1.877581 0.586200 0.230000 242 139 85
-1.836126 0.603371 0.225581 242 139 85
-1.796264 0.619882 0.212492 242 139 85
-1.759527 0.635099 0.191238 242 139 85
-1.727326 0.648437 0.162635 242 139 85
-1.700900 0.659383 0.127781 242 139 85
-1.681264 0.667517 0.088017 242 139 85
-1.669172 0.672526 0.044871 242 139 85
-1.665089 0.674217 0.000000 242 139 85
-1.669172 0.672526 -0.044871 242 139 85
-1.681264 0.667517 -0.088017 242 139 85
-1.700900 0.659383 -0.127781 242 139 85
-1.727326 0.648437 -0.162635 242 139 85
-1.759527 0.635099 -0.191238 242 139 85
-1.796264 0.619882 -0.212492 242 139 85
-1.836126 0.603371 -0.225581 242 139 85
-1.877581 0.586200 -0.230000 242 139 85
-1.919036 0.569028 -0.225581 242 139 85
-1.958898 0.552517 -0.212492 242 139 85
-1.995636 0.537300 -0.191238 242 139 85
-2.027836 0.523962 -0.162635 242 139 85
-2.054262 0.513016 -0.127781 242 139 85
-2.073898 0.504882 -0.088017 242 139 85
-2.085991 0.499874 -0.044871 242 139 85
-2.061716 0.435597 0.000000 242 140 85
-2.057753 0.437552 0.044871 242 140 85
-2.046014 0.443340 0.088017 242 140 85
-2.026952 0.452741 0.127781 242 140 85
-2.001298 0.465392 0.162635 242 140 85
-1.970039 0.480807 0.191238 242 140 85
-1.934376 0.498394 0.212492 242 140 85
-1.895679 0.517477 0.225581 242 140 85
-1.855436 0.537323 0.230000 242 140 85
-1.815192 0.557169 0.225581 242 140 85
-1.776495 0.576252 0.212492 242 140 85
-1.740832 0.593839 0.191238 242 140 85
-1.709573 0.609255 0.162635 242 140 85
-1.683919 0.621906 0.127781 242 140 85
-1.664857 0.631306 0.088017 242 140 85
-1.653119 0.637095 0.044871 242 140 85
-1.649155 0.639050 0.000000 242 140 85
-1.653119 0.637095 -0.044871 242 140 85
-1.664857 0.631306 -0.088017 242 140 85
-1.683919 0.621906 -0.127781 242 140 85
-1.709573 0.609255 -0.162635 242 140 85
-1.740832 0.593839 -0.191238 242 140 85
-1.776495 0.576252 -0.212492 242 140 85
-1.815192 0.557169 -0.225581 242 140 85
-1.855436 0.537323 -0.230000 242 140 85
-1.895679 0.517477 -0.225581 242 140 85
-1.934376 0.498394 -0.212492 242 140 85
-1.970039 0.480807 -0.191238 242 140 85
-2.001298 0.465392 -0.162635 242 140 85
-2.026952 0.452741 -0.127781 242 140 85
-2.046014 0.443340 -0.088017 242 140 85
-2.057753 0.437552 -0.044871 242 140 85
-2.029327 0.375000 0.000000 242 142 85
-2.025499 0.377210 0.044871 242 142 85
-2.014165 0.383754 0.088017 242 142 85
-1.995758 0.394381 0.127781 242 142 85
-1.970986 0.408683 0.162635 242 142 85
-1.940803 0.426109 0.191238 242 142 85
-1.906366 0.445991 0.212492 242 142 85
-1.869000 0.467565 0.225581 242 142 85
-1.830141 0.490000 0.230000 242 142 85
-1.791282 0.512435 0.225581 242 142 85
-1.753916 0.534009 0.212492 242 142 85
-1.719479 0.553891 0.191238 242 142 85
-1.689295 0.571317 0.162635 242 142 85
-1.664524 0.585619 0.127781 242 142 85
-1.646117 0.596246 0.088017 242 142 85
-1.634782 0.602790 0.044871 242 142 85
-1.630955 0.605000 0.000000 242 142 85
-1.634782 0.602790 -0.044871 242 142 85
-1.646117 0.596246 -0.088017 242 142 85
-1.664524 0.585619 -0.127781 242 142 85
-1.689295 0.571317 -0.162635 242 142 85
-1.719479 0.553891 -0.191238 242 142 85
-1.753916 0.534009 -0.212492 242 142 85
-1.791282 0.512435 -0.225581 242 142 85
-1.830141 0.490000 -0.230000 242 142 85
-1.869000 0.467565 -0.225581 242 142 85
-1.906366 0.445991 -0.212492 242 142 85
-1.940803 0.426109 -0.191238 242 142 85
-1.970986 0.408683 -0.162635 242 142 85
-1.995758 0.394381 -0.127781 242 142 85
-2.014165 0.383754 -0.088017 242 142 85
-2.025499 0.377210 -0.044871 242 142 85
-1.993043 0.316651 0.000000 242 144 85
-1.989369 0.319107 0.044871 242 144 85
-1.978486 0.326378 0.088017 242 144 85
-1.960814 0.338186 0.127781 242 144 85
-1.937031 0.354077 0.162635 242 144 85
-1.908051 0.373441 0.191238 242 144 85
-1.874989 0.395533 0.212492 242 144 85
-1.839114 0.419504 0.225581 242 144 85
-1.801805 0.444432 0.230000 242 144 85
-1.764496 0.469361 0.225581 242 144 85
-1.728621 0.493332 0.212492 242 144 85
-1.695559 0.515424 0.191238 242 144 85
-1.666579 0.534787 0.162635 242 144 85
-1.642796 0.550679 0.127781 242 144 85
-1.625124 0.562487 0.088017 242 144 85
-1.614242 0.569758 0.044871 242 144 85
-1.610567 0.572214 0.000000 242 144 85
-1.614242 0.569758 -0.044871 242 144 85
-1.625124 0.562487 -0.088017 242 144 85
-1.642796 0.550679 -0.127781 242 144 85
-1.666579 0.534787 -0.162635 242 144 85
-1.695559 0.515424 -0.191238 242 144 85
-1.728621 0.493332 -0.212492 242 144 85
-1.764496 0.469361 -0.225581 242 144 85
-1.801805 0.444432 -0.230000 242 144 85
-1.839114 0.419504 -0.225581 242 144 85
-1.874989 0.395533 -0.212492 242 144 85
-1.908051 0.373441 -0.191238 242 144 85
-1.937031 0.354077 -0.162635 242 144 85
-1.960814 0.338186 -0.127781 242 144 85
-1.978486 0.326378 -0.088017 242 144 85
-1.989369 0.319107 -0.044871 242 144 85
-1.953021 0.260800 0.000000 242 146 85
-1.949515 0.263491 0.044871 242 146 85
-1.939131 0.271459 0.088017 242 146 85
-1.922269 0.284397 0.127781 242 146 85
-1.899576 0.301810 0.162635 242 146 85
-1.871925 0.323027 0.191238 242 146 85
-1.840378 0.347234 0.212492 242 146 85
-1.806148 0.373500 0.225581 242 146 85
-1.770550 0.400816 0.230000 242 146 85
-1.734951 0.428131 0.225581 242 146 85
-1.700721 0.454397 0.212492 242 146 85
-1.669174 0.478604 0.191238 242 146 85
-1.641523 0.499821 0.162635 242 146 85
-1.618830 0.517234 0.127781 242 146 85
-1.601968 0.530173 0.088017 242 146 85
-1.591585 0.538140 0.044871 242 146 85
-1.588078 0.540831 0.000000 242 146 85
-1.591585 0.538140 -0.044871 242 146 85
-1.601968 0.530173 -0.088017 242 146 85
-1.618830 0.517234 -0.127781 242 146 85
-1.641523 0.499821 -0.162635 242 146 85
-1.669174 0.478604 -0.191238 242 146 85
-1.700721 0.454397 -0.212492 242 146 85
-1.734951 0.428131 -0.225581 242 146 85
-1.770550 0.400816 -0.230000 242 146 85
-1.806148 0.373500 -0.225581 242 146 85
-1.840378 0.347234 -0.212492 242 146 85
-1.871925 0.323027 -0.191238 242 146 85
-1.899576 0.301810 -0.162635 242 146 85
-1.922269 0.284397 -0.127781 242 146 85
-1.939131 0.271459 -0.088017 242 146 85
-1.949515 0.263491 -0.044871 242 146 85
-1.909432 0.207687 0.000000 242 148 85
-1.906109 0.210601 0.044871 242 148 85
-1.896269 0.219231 0.088017 242 148 85
-1.880289 0.233244 0.127781 242 148 85
-1.858784 0.252104 0.162635 242 148 85
-1.832580 0.275084 0.191238 242 148 85
-1.802683 0.301303 0.212492 242 148 85
-1.770244 0.329751 0.225581 242 148 85
-1.736509 0.359336 0.230000 242 148 85
-1.702773 0.388922 0.225581 242 148 85
-1.670334 0.417370 0.212492 242 148 85
-1.640438 0.443588 0.191238 242 148 85
-1.614234 0.466569 0.162635 242 148 85
-1.592728 0.485428 0.127781 242 148 85
-1.576748 0.499442 0.088017 242 148 85
-1.566908 0.508072 0.044871 242 148 85
-1.563585 0.510986 0.000000 242 148 85
-1.566908 0.508072 -0.044871 242 148 85
-1.576748 0.499442 -0.088017 242 148 85
-1.592728 0.485428 -0.127781 242 148 85
-1.614234 0.466569 -0.162635 242 148 85
-1.640438 0.443588 -0.191238 242 148 85
-1.670334 0.417370 -0.212492 242 148 85
-1.702773 0.388922 -0.225581 242 148 85
-1.736509 0.359336 -0.230000 242 148 85
-1.770244 0.329751 -0.225581 242 148 85
-1.802683 0.301303 -0.212492 242 148 85
-1.832580 0.275084 -0.191238 242 148 85
-1.858784 0.252104 -0.162635 242 148 85
-1.880289 0.233244 -0.127781 242 148 85
-1.896269 0.219231 -0.088017 242 148 85
-1.906109 0.210601 -0.044871 242 148 85
-1.862462 0.157538 0.000000 242 150 85
-1.859337 0.160663 0.044871 242 150 85
-1.850082 0.169918 0.088017 242 150 85
-1.835053 0.184947 0.127781 242 150 85
-1.814828 0.205172 0.162635 242 150 85
-1.790182 0.229818 0.191238 242 150 85
-1.762065 0.257935 0.212492 242 150 85
-1.731556 0.288444 0.225581 242 150 85
-1.699828 0.320172 0.230000 242 150 85
-1.668099 0.351901 0.225581 242 150 85
-1.637590 0.382410 0.212492 242 150 85
-1.609473 0.410527 0.191238 242 150 85
-1.584828 0.435172 0.162635 242 150 85
-1.564602 0.455398 0.127781 242 150 85
-1.549573 0.470427 0.088017 242 150 85
-1.540318 0.479682 0.044871 242 150 85
-1.537193 0.482807 0.000000 242 150 85
-1.540318 0.479682 -0.044871 242 150 85
-1.549573 0.470427 -0.088017 242 150 85
-1.564602 0.455398 -0.127781 242 150 85
-1.584828 0.435172 -0.162635 242 150 85
-1.609473 0.410527 -0.191238 242 150 85
-1.637590 0.382410 -0.212492 242 150 85
-1.668099 0.351901 -0.225581 242 150 85
-1.699828 0.320172 -0.230000 242 150 85
-1.731556 0.288444 -0.225581 242 150 85
-1.762065 0.257935 -0.212492 242 150 85
-1.790182 0.229818 -0.191238 242 150 85
-1.814828 0.205172 -0.162635 242 150 85
-1.835053 0.184947 -0.127781 242 150 85
-1.850082 0.169918 -0.088017 242 150 85
-1.859337 0.160663 -0.044871 242 150 85
-1.812313 0.110568 0.000000 242 152 85
-1.809399 0.113891 0.044871 242 152 85
-1.800769 0.123731 0.088017 242 152 85
-1.786756 0.139711 0.127781 242 152 85
-1.767896 0.161216 0.162635 242 152 85
-1.744916 0.187420 0.191238 242 152 85
-1.718697 0.217317 0.212492 242 152 85
-1.690249 0.249756 0.225581 242 152 85
-1.660664 0.283491 0.230000 242 152 85
-1.631078 0.317227 0.225581 242 152 85
-1.602630 0.349666 0.212492 242 152 85
-1.576412 0.379562 0.191238 242 152 85
-1.553431 0.405766 0.162635 242 152 85
-1.534572 0.427272 0.127781 242 152 85
-1.520558 0.443252 0.088017 242 152 85
-1.511928 0.453092 0.044871 242 152 85
-1.509014 0.456415 0.000000 242 152 85
-1.511928 0.453092 -0.044871 242 152 85
-1.520558 0.443252 -0.088017 242 152 85
-1.534572 0.427272 -0.127781 242 152 85
-1.553431 0.405766 -0.162635 242 152 85
-1.576412 0.379562 -0.191238 242 152 85
-1.602630 0.349666 -0.212492 242 152 85
-1.631078 0.317227 -0.225581 242 152 85
-1.660664 0.283491 -0.230000 242 152 85
-1.690249 0.249756 -0.225581 242 152 85
-1.718697 0.217317 -0.212492 242 152 85
-1.744916 0.187420 -0.191238 242 152 85
-1.767896 0.161216 -0.162635 242 152 85
-1.786756 0.139711 -0.127781 242 152 85
-1.800769 0.123731 -0.088017 242 152 85
-1.809399 0.113891 -0.044871 242 152 85
-1.759200 0.066979 0.000000 242 153 85
-1.756509 0.070485 0.044871 242 153 85
-1.748541 0.080869 0.088017 242 153 85
-1.735603 0.097731 0.127781 242 153 85
-1.718190 0.120424 0.162635 242 153 85
-1.696973 0.148075 0.191238 242 153 85
-1.672766 0.179622 0.212492 242 153 85
-1.646500 0.213852 0.225581 242 153 85
-1.619184 0.249450 0.230000 242 153 85
-1.591869 0.285049 0.225581 242 153 85
-1.565603 0.319279 0.212492 242 153 85
-1.541396 0.350826 0.191238 242 153 85
-1.520179 0.378477 0.162635 242 153 85
-1.502766 0.401170 0.127781 242 153 85
-1.489827 0.418032 0.088017 242 153 85
-1.481860 0.428415 0.044871 242 153 85
-1.479169 0.431922 0.000000 242 153 85
-1.481860 0.428415 -0.044871 242 153 85
-1.489827 0.418032 -0.088017 242 153 85
-1.502766 0.401170 -0.127781 242 153 85
-1.520179 0.378477 -0.162635 242 153 85
-1.541396 0.350826 -0.191238 242 153 85
-1.565603 0.319279 -0.212492 242 153 85
-1.591869 0.285049 -0.225581 242 153 85
-1.619184 0.249450 -0.230000 242 153 85
-1.646500 0.213852 -0.225581 242 153 85
-1.672766 0.179622 -0.212492 242 153 85
-1.696973 0.148075 -0.191238 242 153 85
-1.718190 0.120424 -0.162635 242 153 85
-1.735603 0.097731 -0.127781 242 153 85
-1.748541 0.080869 -0.088017 242 153 85
-1.756509 0.070485 -0.044871 242 153 85
-1.703349 0.026957 0.000000 242 155 85
-1.700893 0.030631 0.044871 242 155 85
-1.693622 0.041514 0.088017 242 155 85
-1.681814 0.059186 0.127781 242 155 85
-1.665923 0.082969 0.162635 242 155 85
-1.646559 0.111949 0.191238 242 155 85
-1.624467 0.145011 0.212492 242 155 85
-1.600496 0.180886 0.225581 242 155 85
-1.575568 0.218195 0.230000 242 155 85
-1.550639 0.255504 0.225581 242 155 85
-1.526668 0.291379 0.212492 242 155 85
-1.504576 0.324441 0.191238 242 155 85
-1.485213 0.353421 0.162635 242 155 85
-1.469321 0.377204 0.127781 242 155 85
-1.457513 0.394876 0.088017 242 155 85
-1.450242 0.405758 0.044871 242 155 85
-1.447786 0.409433 0.000000 242 155 85
-1.450242 0.405758 -0.044871 242 155 85
-1.457513 0.394876 -0.088017 242 155 85
-1.469321 0.377204 -0.127781 242 155 85
-1.485213 0.353421 -0.162635 242 155 85
-1.504576 0.324441 -0.191238 242 155 85
-1.526668 0.291379 -0.212492 242 155 85
-1.550639 0.255504 -0.225581 242 155 85
-1.575568 0.218195 -0.230000 242 155 85
-1.600496 0.180886 -0.225581 242 155 85
-1.624467 0.145011 -0.212492 242 155 85
-1.646559 0.111949 -0.191238 242 155 85
-1.665923 0.082969 -0.162635 242 155 85
-1.681814 0.059186 -0.127781 242 155 85
-1.693622 0.041514 -0.088017 242 155 85
-1.700893 0.030631 -0.044871 242 155 85
-1.645000 -0.009327 0.000000 242 157 85
-1.642790 -0.005499 0.044871 242 157 85
-1.636246 0.005835 0.088017 242 157 85
-1.625619 0.024242 0.127781 242 157 85
-1.611317 0.049014 0.162635 242 157 85
-1.593891 0.079197 0.191238 242 157 85
-1.574009 0.113634 0.212492 242 157 85
-1.552435 0.151000 0.225581 242 157 85
-1.530000 0.189859 0.230000 242 157 85
-1.507565 0.228718 0.225581 242 157 85
-1.485991 0.266084 0.212492 242 157 85
-1.466109 0.300521 0.191238 242 157 85
-1.448683 0.330705 0.162635 242 157 85
-1.434381 0.355476 0.127781 242 157 85
-1.423754 0.373883 0.088017 242 157 85
-1.417210 0.385218 0.044871 242 157 85
-1.415000 0.389045 0.000000 242 157 85
-1.417210 0.385218 -0.044871 242 157 85
-1.423754 0.373883 -0.088017 242 157 85
-1.434381 0.355476 -0.127781 242 157 85
-1.448683 0.330705 -0.162635 242 157 85
-1.466109 0.300521 -0.191238 242 157 85
-1.485991 0.266084 -0.212492 242 157 85
-1.507565 0.228718 -0.225581 242 157 85
-1.530000 0.189859 -0.230000 242 157 85
-1.552435 0.151000 -0.225581 242 157 85
-1.574009 0.113634 -0.212492 242 157 85
-1.593891 0.079197 -0.191238 242 157 85
-1.611317 0.049014 -0.162635 242 157 85
-1.625619 0.024242 -0.127781 242 157 85
-1.636246 0.005835 -0.088017 242 157 85
-1.642790 -0.005499 -0.044871 242 157 85
-1.584403 -0.041716 0.000000 242 159 85
-1.582448 -0.037753 0.044871 242 159 85
-1.576660 -0.026014 0.088017 242 159 85
-1.567259 -0.006952 0.127781 242 159 85
-1.554608 0.018702 0.162635 242 159 85
-1.539193 0.049961 0.191238 242 159 85
-1.521606 0.085624 0.212492 242 159 85
-1.502523 0.124321 0.225581 242 159 85
-1.482677 0.164564 0.230000 242 159 85
-1.462831 0.204808 0.225581 242 159 85
-1.443748 0.243505 0.212492 242 159 85
-1.426161 0.279168 0.191238 242 159 85
-1.410745 0.310427 0.162635 242 159 85
-1.398094 0.336081 0.127781 242 159 85
-1.388694 0.355143 0.088017 242 159 85
-1.382905 0.366881 0.044871 242 159 85
-1.380950 0.370845 0.000000 242 159 85
-1.382905 0.366881 -0.044871 242 159 85
-1.388694 0.355143 -0.088017 242 159 85
-1.398094 0.336081 -0.127781 242 159 85
-1.410745 0.310427 -0.162635 242 159 85
-1.426161 0.279168 -0.191238 242 159 85
-1.443748 0.243505 -0.212492 242 159 85
-1.462831 0.204808 -0.225581 242 159 85
-1.482677 0.164564 -0.230000 242 159 85
-1.502523 0.124321 -0.225581 242 159 85
-1.521606 0.085624 -0.212492 242 159 85
-1.539193 0.049961 -0.191238 242 159 85
-1.554608 0.018702 -0.162635 242 159 85
-1.567259 -0.006952 -0.127781 242 159 85
-1.576660 -0.026014 -0.088017 242 159 85
-1.582448 -0.037753 -0.044871 242 159 85
-1.521818 -0.070074 0.000000 242 161 85
-1.520126 -0.065991 0.044871 242 161 85
-1.515118 -0.053898 0.088017 242 161 85
-1.506984 -0.034262 0.127781 242 161 85
-1.496038 -0.007836 0.162635 242 161 85
-1.482700 0.024364 0.191238 242 161 85
-1.467483 0.061102 0.212492 242 161 85
-1.450972 0.100964 0.225581 242 161 85
-1.433800 0.142419 0.230000 242 161 85
-1.416629 0.183874 0.225581 242 161 85
-1.400118 0.223736 0.212492 242 161 85
-1.384901 0.260473 0.191238 242 161 85
-1.371563 0.292674 0.162635 242 161 85
-1.360617 0.319100 0.127781 242 161 85
-1.352483 0.338736 0.088017 242 161 85
-1.347474 0.350828 0.044871 242 161 85
-1.345783 0.354911 0.000000 242 161 85
-1.347474 0.350828 -0.044871 242 161 85
-1.352483 0.338736 -0.088017 242 161 85
-1.360617 0.319100 -0.127781 242 161 85
-1.371563 0.292674 -0.162635 242 161 85
-1.384901 0.260473 -0.191238 242 161 85
-1.400118 0.223736 -0.212492 242 161 85
-1.416629 0.183874 -0.225581 242 161 85
-1.433800 0.142419 -0.230000 242 161 85
-1.450972 0.100964 -0.225581 242 161 85
-1.467483 0.061102 -0.212492 242 161 85
-1.482700 0.024364 -0.191238 242 161 85
-1.496038 -0.007836 -0.162635 242 161 85
-1.506984 -0.034262 -0.127781 242 161 85
-1.515118 -0.053898 -0.088017 242 161 85
-1.520126 -0.065991 -0.044871 242 161 85
-1.457511 -0.094277 0.000000 242 163 85
-1.456091 -0.090092 0.044871 242 163 85
-1.451884 -0.077698 0.088017 242 163 85
-1.445052 -0.057572 0.127781 242 163 85
-1.435858 -0.030486 0.162635 242 163 85
-1.424654 0.002517 0.191238 242 163 85
-1.411873 0.040171 0.212492 242 163 85
-1.398004 0.081028 0.225581 242 163 85
-1.383580 0.123517 0.230000 242 163 85
-1.369157 0.166007 0.225581 242 163 85
-1.355288 0.206863 0.212492 242 163 85
-1.342506 0.244517 0.191238 242 163 85
-1.331303 0.277521 0.162635 242 163 85
-1.322109 0.304606 0.127781 242 163 85
-1.315277 0.324733 0.088017 242 163 85
-1.311070 0.337126 0.044871 242 163 85
-1.309649 0.341311 0.000000 242 163 85
-1.311070 0.337126 -0.044871 242 163 85
-1.315277 0.324733 -0.088017 242 163 85
-1.322109 0.304606 -0.127781 242 163 85
-1.331303 0.277521 -0.162635 242 163 85
-1.342506 0.244517 -0.191238 242 163 85
-1.355288 0.206863 -0.212492 242 163 85
-1.369157 0.166007 -0.225581 242 163 85
-1.383580 0.123517 -0.230000 242 163 85
-1.398004 0.081028 -0.225581 242 163 85
-1.411873 0.040171 -0.212492 242 163 85
-1.424654 0.002517 -0.191238 242 163 85
-1.435858 -0.030486 -0.162635 242 163 85
-1.445052 -0.057572 -0.127781 242 163 85
-1.451884 -0.077698 -0.088017 242 163 85
-1.456091 -0.090092 -0.044871 242 163 85
-1.391760 -0.114222 0.000000 242 165 85
-1.390616 -0.109953 0.044871 242 165 85
-1.387229 -0.097311 0.088017 242 165 85
-1.381728 -0.076781 0.127781 242 165 85
-1.374325 -0.049152 0.162635 242 165 85
-1.365304 -0.015486 0.191238 242 165 85
-1.355012 0.022923 0.212492 242 165 85
-1.343845 0.064599 0.225581 242 165 85
-1.332232 0.107941 0.230000 242 165 85
-1.320618 0.151283 0.225581 242 165 85
-1.309451 0.192959 0.212492 242 165 85
-1.299159 0.231368 0.191238 242 165 85
-1.290139 0.265034 0.162635 242 165 85
-1.282736 0.292663 0.127781 242 165 85
-1.277235 0.313193 0.088017 242 165 85
-1.273847 0.325835 0.044871 242 165 85
-1.272703 0.330104 0.000000 242 165 85
-1.273847 0.325835 -0.044871 242 165 85
-1.277235 0.313193 -0.088017 242 165 85
-1.282736 0.292663 -0.127781 242 165 85
-1.290139 0.265034 -0.162635 242 165 85
-1.299159 0.231368 -0.191238 242 165 85
-1.309451 0.192959 -0.212492 242 165 85
-1.320618 0.151283 -0.225581 242 165 85
-1.332232 0.107941 -0.230000 242 165 85
-1.343845 0.064599 -0.225581 242 165 85
-1.355012 0.022923 -0.212492 242 165 85
-1.365304 -0.015486 -0.191238 242 165 85
-1.374325 -0.049152 -0.162635 242 165 85
-1.381728 -0.076781 -0.127781 242 165 85
-1.387229 -0.097311 -0.088017 242 165 85
-1.390616 -0.109953 -0.044871 242 165 85
-1.324845 -0.129825 0.000000 242 167 85
-1.323983 -0.125490 0.044871 242 167 85
-1.321429 -0.112653 0.088017 242 167 85
-1.317283 -0.091807 0.127781 242 167 85
-1.311702 -0.063754 0.162635 242 167 85
-1.304903 -0.029570 0.191238 242 167 85
-1.297145 0.009430 0.212492 242 167 85
-1.288728 0.051747 0.225581 242 167 85
-1.279974 0.095756 0.230000 242 167 85
-1.271220 0.139765 0.225581 242 167 85
-1.262803 0.182082 0.212492 242 167 85
-1.255045 0.221082 0.191238 242 167 85
-1.248246 0.255266 0.162635 242 167 85
-1.242665 0.283319 0.127781 242 167 85
-1.238519 0.304165 0.088017 242 167 85
-1.235965 0.317002 0.044871 242 167 85
-1.235103 0.321337 0.000000 242 167 85
-1.235965 0.317002 -0.044871 242 167 85
-1.238519 0.304165 -0.088017 242 167 85
-1.242665 0.283319 -0.127781 242 167 85
-1.248246 0.255266 -0.162635 242 167 85
-1.255045 0.221082 -0.191238 242 167 85
-1.262803 0.182082 -0.212492 242 167 85
-1.271220 0.139765 -0.225581 242 167 85
-1.279974 0.095756 -0.230000 242 167 85
-1.288728 0.051747 -0.225581 242 167 85
-1.297145 0.009430 -0.212492 242 167 85
-1.304903 -0.029570 -0.191238 242 167 85
-1.311702 -0.063754 -0.162635 242 167 85
-1.317283 -0.091807 -0.127781 242 167 85
-1.321429 -0.112653 -0.088017 242 167 85
-1.323983 -0.125490 -0.044871 242 167 85
-1.257053 -0.141017 0.000000 242 168 85
-1.256476 -0.136636 0.044871 242 168 85
-1.254767 -0.123659 0.088017 242 168 85
-1.251993 -0.102587 0.127781 242 168 85
-1.248260 -0.074228 0.162635 242 168 85
-1.243710 -0.039673 0.191238 242 168 85
-1.238520 -0.000249 0.212492 242 168 85
-1.232888 0.042528 0.225581 242 168 85
-1.227031 0.087015 0.230000 242 168 85
-1.221175 0.131502 0.225581 242 168 85
-1.215543 0.174279 0.212492 242 168 85
-1.210353 0.213703 0.191238 242 168 85
-1.205803 0.248258 0.162635 242 168 85
-1.202070 0.276617 0.127781 242 168 85
-1.199296 0.297690 0.088017 242 168 85
-1.197587 0.310666 0.044871 242 168 85
-1.197010 0.315048 0.000000 242 168 85
-1.197587 0.310666 -0.044871 242 168 85
-1.199296 0.297690 -0.088017 242 168 85
-1.202070 0.276617 -0.127781 242 168 85
-1.205803 0.248258 -0.162635 242 168 85
-1.210353 0.213703 -0.191238 242 168 85
-1.215543 0.174279 -0.212492 242 168 85
-1.221175 0.131502 -0.225581 242 168 85
-1.227031 0.087015 -0.230000 242 168 85
-1.232888 0.042528 -0.225581 242 168 85
-1.238520 -0.000249 -0.212492 242 168 85
-1.243710 -0.039673 -0.191238 242 168 85
-1.248260 -0.074228 -0.162635 242 168 85
-1.251993 -0.102587 -0.127781 242 168 85
-1.254767 -0.123659 -0.088017 242 168 85
-1.256476 -0.136636 -0.044871 242 168 85
-1.188673 -0.147752 0.000000 242 170 85
-1.188384 -0.143342 0.044871 242 170 85
-1.187528 -0.130282 0.088017 242 170 85
-1.186138 -0.109073 0.127781 242 170 85
-1.184267 -0.080531 0.162635 242 170 85
-1.181988 -0.045752 0.191238 242 170 85
-1.179387 -0.006073 0.212492 242 170 85
-1.176565 0.036981 0.225581 242 170 85
-1.173631 0.081756 0.230000 242 170 85
-1.170696 0.126530 0.225581 242 170 85
-1.167874 0.169584 0.212492 242 170 85
-1.165273 0.209263 0.191238 242 170 85
-1.162994 0.244042 0.162635 242 170 85
-1.161123 0.272584 0.127781 242 170 85
-1.159733 0.293793 0.088017 242 170 85
-1.158877 0.306853 0.044871 242 170 85
-1.158588 0.311263 0.000000 242 170 85
-1.158877 0.306853 -0.044871 242 170 85
-1.159733 0.293793 -0.088017 242 170 85
-1.161123 0.272584 -0.127781 242 170 85
-1.162994 0.244042 -0.162635 242 170 85
-1.165273 0.209263 -0.191238 242 170 85
-1.167874 0.169584 -0.212492 242 170 85
-1.170696 0.126530 -0.225581 242 170 85
-1.173631 0.081756 -0.230000 242 170 85
-1.176565 0.036981 -0.225581 242 170 85
-1.179387 -0.006073 -0.212492 242 170 85
-1.181988 -0.045752 -0.191238 242 170 85
-1.184267 -0.080531 -0.162635 242 170 85
-1.186138 -0.109073 -0.127781 242 170 85
-1.187528 -0.130282 -0.088017 242 170 85
-1.188384 -0.143342 -0.044871 242 170 85
-1.120000 -0.150000 0.000000 242 172 85
-1.120000 -0.145581 0.044871 242 172 85
-1.120000 -0.132492 0.088017 242 172 85
-1.120000 -0.111238 0.127781 242 172 85
-1.120000 -0.082635 0.162635 242 172 85
-1.120000 -0.047781 0.191238 242 172 85
-1.120000 -0.008017 0.212492 242 172 85
-1.120000 0.035129 0.225581 242 172 85
-1.120000 0.080000 0.230000 242 172 85
-1.120000 0.124871 0.225581 242 172 85
-1.120000 0.168017 0.212492 242 172 85
-1.120000 0.207781 0.191238 242 172 85
-1.120000 0.242635 0.162635 242 172 85
-1.120000 0.271238 0.127781 242 172 85
-1.120000 0.292492 0.088017 242 172 85
-1.120000 0.305581 0.044871 242 172 85
-1.120000 0.310000 0.000000 242 172 85
-1.120000 0.305581 -0.044871 242 172 85
-1.120000 0.292492 -0.088017 242 172 85
-1.120000 0.271238 -0.127781 242 172 85
-1.120000 0.242635 -0.162635 242 172 85
-1.120000 0.207781 -0.191238 242 172 85
-1.120000 0.168017 -0.212492 242 172 85
-1.120000 0.124871 -0.225581 242 172 85
-1.120000 0.080000 -0.230000 242 172 85
-1.120000 0.035129 -0.225581 242 172 85
-1.120000 -0.008017 -0.212492 242 172 85
-1.120000 -0.047781 -0.191238 242 172 85
-1.120000 -0.082635 -0.162635 242 172 85
-1.120000 -0.111238 -0.127781 242 172 85
-1.120000 -0.132492 -0.088017 242 172 85
-1.120000 -0.145581 -0.044871 242 172 85
-1.051327 -0.147752 0.000000 242 174 85
-1.051616 -0.143342 0.044871 242 174 85
-1.052472 -0.130282 0.088017 242 174 85
-1.053862 -0.109073 0.127781 242 174 85
-1.055733 -0.080531 0.162635 242 174 85
-1.058012 -0.045752 0.191238 242 174 85
-1.060613 -0.006073 0.212492 242 174 85
-1.063435 0.036981 0.225581 242 174 85
-1.066369 0.081756 0.230000 242 174 85
-1.069304 0.126530 0.225581 242 174 85
-1.072126 0.169584 0.212492 242 174 85
-1.074727 0.209263 0.191238 242 174 85
-1.077006 0.244042 0.162635 242 174 85
-1.078877 0.272584 0.127781 242 174 85
-1.080267 0.293793 0.088017 242 174 85
-1.081123 0.306853 0.044871 242 174 85
-1.081412 0.311263 0.000000 242 174 85
-1.081123 0.306853 -0.044871 242 174 85
-1.080267 0.293793 -0.088017 242 174 85
-1.078877 0.272584 -0.127781 242 174 85
-1.077006 0.244042 -0.162635 242 174 85
-1.074727 0.209263 -0.191238 242 174 85
-1.072126 0.169584 -0.212492 242 174 85
-1.069304 0.126530 -0.225581 242 174 85
-1.066369 0.081756 -0.230000 242 174 85
-1.063435 0.036981 -0.225581 242 174 85
-1.060613 -0.006073 -0.212492 242 174 85
-1.058012 -0.045752 -0.191238 242 174 85
-1.055733 -0.080531 -0.162635 242 174 85
-1.053862 -0.109073 -0.127781 242 174 85
-1.052472 -0.130282 -0.088017 242 174 85
-1.051616 -0.143342 -0.044871 242 174 85
-0.982947 -0.141017 0.000000 242 176 85
-0.983524 -0.136636 0.044871 242 176 85
-0.985233 -0.123659 0.088017 242 176 85
-0.988007 -0.102587 0.127781 242 176 85
-0.991740 -0.074228 0.162635 242 176 85
-0.996290 -0.039673 0.191238 242 176 85
-1.001480 -0.000249 0.212492 242 176 85
-1.007112 0.042528 0.225581 242 176 85
-1.012969 0.087015 0.230000 242 176 85
-1.018825 0.131502 0.225581 242 176 85
-1.024457 0.174279 0.212492 242 176 85
-1.029647 0.213703 0.191238 242 176 85
-1.034197 0.248258 0.162635 242 176 85
-1.037930 0.276617 0.127781 242 176 85
-1.040704 0.297690 0.088017 242 176 85
-1.042413 0.310666 0.044871 242 176 85
-1.042990 0.315048 0.000000 242 176 85
-1.042413 0.310666 -0.044871 242 176 85
-1.040704 0.297690 -0.088017 242 176 85
-1.037930 0.276617 -0.127781 242 176 85
-1.034197 0.248258 -0.162635 242 176 85
-1.029647 0.213703 -0.191238 242 176 85
-1.024457 0.174279 -0.212492 242 176 85
-1.018825 0.131502 -0.225581 242 176 85
-1.012969 0.087015 -0.230000 242 176 85
-1.007112 0.042528 -0.225581 242 176 85
-1.001480 -0.000249 -0.212492 242 176 85
-0.996290 -0.039673 -0.191238 242 176 85
-0.991740 -0.074228 -0.162635 242 176 85
-0.988007 -0.102587 -0.127781 242 176 85
-0.985233 -0.123659 -0.088017 242 176 85
-0.983524 -0.136636 -0.044871 242 176 85
-0.915155 -0.129825 0.000000 242 178 85
-0.916017 -0.125490 0.044871 242 178 85
-0.918571 -0.112653 0.088017 242 178 85
-0.922717 -0.091807 0.127781 242 178 85
-0.928298 -0.063754 0.162635 242 178 85
-0.935097 -0.029570 0.191238 242 178 85
-0.942855 0.009430 0.212492 242 178 85
-0.951272 0.051747 0.225581 242 178 85
-0.960026 0.095756 0.230000 242 178 85
-0.968780 0.139765 0.225581 242 178 85
-0.977197 0.182082 0.212492 242 178 85
-0.984955 0.221082 0.191238 242 178 85
-0.991754 0.255266 0.162635 242 178 85
-0.997335 0.283319 0.127781 242 178 85
-1.001481 0.304165 0.088017 242 178 85
-1.004035 0.317002 0.044871 242 178 85
-1.004897 0.321337 0.000000 242 178 85
-1.004035 0.317002 -0.044871 242 178 85
-1.001481 0.304165 -0.088017 242 178 85
-0.997335 0.283319 -0.127781 242 178 85
-0.991754 0.255266 -0.162635 242 178 85
-0.984955 0.221082 -0.191238 242 178 85
-0.977197 0.182082 -0.212492 242 178 85
-0.968780 0.139765 -0.225581 242 178 85
-0.960026 0.095756 -0.230000 242 178 85
-0.951272 0.051747 -0.225581 242 178 85
-0.942855 0.009430 -0.212492 242 178 85
-0.935097 -0.029570 -0.191238 242 178 85
-0.928298 -0.063754 -0.162635 242 178 85
-0.922717 -0.091807 -0.127781 242 178 85
-0.918571 -0.112653 -0.088017 242 178 85
-0.916017 -0.125490 -0.044871 242 178 85
-0.848240 -0.114222 0.000000 242 180 85
-0.849384 -0.109953 0.044871 242 180 85
-0.852771 -0.097311 0.088017 242 180 85
-0.858272 -0.076781 0.127781 242 180 85
-0.865675 -0.049152 0.162635 242 180 85
-0.874696 -0.015486 0.191238 242 180 85
-0.884988 0.022923 0.212492 242 180 85
-0.896155 0.064599 0.225581 242 180 85
-0.907768 0.107941 0.230000 242 180 85
-0.919382 0.151283 0.225581 242 180 85
-0.930549 0.192959 0.212492 242 180 85
-0.940841 0.231368 0.191238 242 180 85
-0.949861 0.265034 0.162635 242 180 85
-0.957264 0.292663 0.127781 242 180 85
-0.962765 0.313193 0.088017 242 180 85
-0.966153 0.325835 0.044871 242 180 85
-0.967297 0.330104 0.000000 242 180 85
-0.966153 0.325835 -0.044871 242 180 85
-0.962765 0.313193 -0.088017 242 180 85
-0.957264 0.292663 -0.127781 242 180 85
-0.949861 0.265034 -0.162635 242 180 85
-0.940841 0.231368 -0.191238 242 180 85
-0.930549 0.192959 -0.212492 242 180 85
-0.919382 0.151283 -0.225581 242 180 85
-0.907768 0.107941 -0.230000 242 180 85
-0.896155 0.064599 -0.225581 242 180 85
-0.884988 0.022923 -0.212492 242 180 85
-0.874696 -0.015486 -0.191238 242 180 85
-0.865675 -0.049152 -0.162635 242 180 85
-0.858272 -0.076781 -0.127781 242 180 85
-0.852771 -0.097311 -0.088017 242 180 85
-0.849384 -0.109953 -0.044871 242 180 85
-0.782489 -0.094277 0.000000 242 182 85
-0.783909 -0.090092 0.044871 242 182 85
-0.788116 -0.077698 0.088017 242 182 85
-0.794948 -0.057572 0.127781 242 182 85
-0.804142 -0.030486 0.162635 242 182 85
-0.815346 0.002517 0.191238 242 182 85
-0.828127 0.040171 0.212492 242 182 85
-0.841996 0.081028 0.225581 242 182 85
-0.856420 0.123517 0.230000 242 182 85
-0.870843 0.166007 0.225581 242 182 85
-0.884712 0.206863 0.212492 242 182 85
-0.897494 0.244517 0.191238 242 182 85
-0.908697 0.277521 0.162635 242 182 85
-0.917891 0.304606 0.127781 242 182 85
-0.924723 0.324733 0.088017 242 182 85
-0.928930 0.337126 0.044871 242 182 85
-0.930351 0.341311 0.000000 242 182 85
-0.928930 0.337126 -0.044871 242 182 85
-0.924723 0.324733 -0.088017 242 182 85
-0.917891 0.304606 -0.127781 242 182 85
-0.908697 0.277521 -0.162635 242 182 85
-0.897494 0.244517 -0.191238 242 182 85
-0.884712 0.206863 -0.212492 242 182 85
-0.870843 0.166007 -0.225581 242 182 85
-0.856420 0.123517 -0.230000 242 182 85
-0.841996 0.081028 -0.225581 242 182 85
-0.828127 0.040171 -0.212492 242 182 85
-0.815346 0.002517 -0.191238 242 182 85
-0.804142 -0.030486 -0.162635 242 182 85
-0.794948 -0.057572 -0.127781 242 182 85
-0.788116 -0.077698 -0.088017 242 182 85
-0.783909 -0.090092 -0.044871 242 182 85
-0.718182 -0.070074 0.000000 242 183 85
-0.719874 -0.065991 0.044871 242 183 85
-0.724882 -0.053898 0.088017 242 183 85
-0.733016 -0.034262 0.127781 242 183 85
-0.743962 -0.007836 0.162635 242 183 85
-0.757300 0.024364 0.191238 242 183 85
-0.772517 0.061102 0.212492 242 183 85
-0.789028 0.100964 0.225581 242 183 85
-0.806200 0.142419 0.230000 242 183 85
-0.823371 0.183874 0.225581 242 183 85
-0.839882 0.223736 0.212492 242 183 85
-0.855099 0.260473 0.191238 242 183 85
-0.868437 0.292674 0.162635 242 183 85
-0.879383 0.319100 0.127781 242 183 85
-0.887517 0.338736 0.088017 242 183 85
-0.892526 0.350828 0.044871 242 183 85
-0.894217 0.354911 0.000000 242 183 85
-0.892526 0.350828 -0.044871 242 183 85
-0.887517 0.338736 -0.088017 242 183 85
-0.879383 0.319100 -0.127781 242 183 85
-0.868437 0.292674 -0.162635 242 183 85
-0.855099 0.260473 -0.191238 242 183 85
-0.839882 0.223736 -0.212492 242 183 85
-0.823371 0.183874 -0.225581 242 183 85
-0.806200 0.142419 -0.230000 242 183 85
-0.789028 0.100964 -0.225581 242 183 85
-0.772517 0.061102 -0.212492 242 183 85
-0.757300 0.024364 -0.191238 242 183 85
-0.743962 -0.007836 -0.162635 242 183 85
-0.733016 -0.034262 -0.127781 242 183 85
-0.724882 -0.053898 -0.088017 242 183 85
-0.719874 -0.065991 -0.044871 242 183 85
-0.655597 -0.041716 0.000000 242 185 85
-0.657552 -0.037753 0.044871 242 185 85
-0.663340 -0.026014 0.088017 242 185 85
-0.672741 -0.006952 0.127781 242 185 85
-0.685392 0.018702 0.162635 242 185 85
-0.700807 0.049961 0.191238 242 185 85
-0.718394 0.085624 0.212492 242 185 85
-0.737477 0.124321 0.225581 242 185 85
-0.757323 0.164564 0.230000 242 185 85
-0.777169 0.204808 0.225581 242 185 85
-0.796252 0.243505 0.212492 242 185 85
-0.813839 0.279168 0.191238 242 185 85
-0.829255 0.310427 0.162635 242 185 85
-0.841906 0.336081 0.127781 242 185 85
-0.851306 0.355143 0.088017 242 185 85
-0.857095 0.366881 0.044871 242 185 85
-0.859050 0.370845 0.000000 242 185 85
-0.857095 0.366881 -0.044871 242 185 85
-0.851306 0.355143 -0.088017 242 185 85
-0.841906 0.336081 -0.127781 242 185 85
-0.829255 0.310427 -0.162635 242 185 85
-0.813839 0.279168 -0.191238 242 185 85
-0.796252 0.243505 -0.212492 242 185 85
-0.777169 0.204808 -0.225581 242 185 85
-0.757323 0.164564 -0.230000 242 185 85
-0.737477 0.124321 -0.225581 242 185 85
-0.718394 0.085624 -0.212492 242 185 85
-0.700807 0.049961 -0.191238 242 185 85
-0.685392 0.018702 -0.162635 242 185 85
-0.672741 -0.006952 -0.127781 242 185 85
-0.663340 -0.026014 -0.088017 242 185 85
-0.657552 -0.037753 -0.044871 242 185 85
-0.595000 -0.009327 0.000000 242 187 85
-0.597210 -0.005499 0.044871 242 187 85
-0.603754 0.005835 0.088017 242 187 85
-0.614381 0.024242 0.127781 242 187 85
-0.628683 0.049014 0.162635 242 187 85
-0.646109 0.079197 0.191238 242 187 85
-0.665991 0.113634 0.212492 242 187 85
-0.687565 0.151000 0.225581 242 187 85
-0.710000 0.189859 0.230000 242 187 85
-0.732435 0.228718 0.225581 242 187 85
-0.754009 0.266084 0.212492 242 187 85
-0.773891 0.300521 0.191238 242 187 85
-0.791317 0.330705 0.162635 242 187 85
-0.805619 0.355476 0.127781 242 187 85
-0.816246 0.373883 0.088017 242 187 85
-0.822790 0.385218 0.044871 242 187 85
-0.825000 0.389045 0.000000 242 187 85
-0.822790 0.385218 -0.044871 242 187 85
-0.816246 0.373883 -0.088017 242 187 85
-0.805619 0.355476 -0.127781 242 187 85
-0.791317 0.330705 -0.162635 242 187 85
-0.773891 0.300521 -0.191238 242 187 85
-0.754009 0.266084 -0.212492 242 187 85
-0.732435 0.228718 -0.225581 242 187 85
-0.710000 0.189859 -0.230000 242 187 85
-0.687565 0.151000 -0.225581 242 187 85
-0.665991 0.113634 -0.212492 242 187 85
-0.646109 0.079197 -0.191238 242 187 85
-0.628683 0.049014 -0.162635 242 187 85
-0.614381 0.024242 -0.127781 242 187 85
-0.603754 0.005835 -0.088017 242 187 85
-0.597210 -0.005499 -0.044871 242 187 85
-0.536651 0.026957 0.000000 242 189 85
-0.539107 0.030631 0.044871 242 189 85
-0.546378 0.041514 0.088017 242 189 85
-0.558186 0.059186 0.127781 242 189 85
-0.574077 0.082969 0.162635 242 189 85
-0.593441 0.111949 0.191238 242 189 85
-0.615533 0.145011 0.212492 242 189 85
-0.639504 0.180886 0.225581 242 189 85
-0.664432 0.218195 0.230000 242 189 85
-0.689361 0.255504 0.225581 242 189 85
-0.713332 0.291379 0.212492 242 189 85
-0.735424 0.324441 0.191238 242 189 85
-0.754787 0.353421 0.162635 242 189 85
-0.770679 0.377204 0.127781 242 189 85
-0.782487 0.394876 0.088017 242 189 85
-0.789758 0.405758 0.044871 242 189 85
-0.792214 0.409433 0.000000 242 189 85
-0.789758 0.405758 -0.044871 242 189 85
-0.782487 0.394876 -0.088017 242 189 85
-0.770679 0.377204 -0.127781 242 189 85
-0.754787 0.353421 -0.162635 242 189 85
-0.735424 0.324441 -0.191238 242 189 85
-0.713332 0.291379 -0.212492 242 189 85
-0.689361 0.255504 -0.225581 242 189 85
-0.664432 0.218195 -0.230000 242 189 85
-0.639504 0.180886 -0.225581 242 189 85
-0.615533 0.145011 -0.212492 242 189 85
-0.593441 0.111949 -0.191238 242 189 85
-0.574077 0.082969 -0.162635 242 189 85
-0.558186 0.059186 -0.127781 242 189 85
-0.546378 0.041514 -0.088017 242 189 85
-0.539107 0.030631 -0.044871 242 189 85
-0.480800 0.066979 0.000000 242 191 85
-0.483491 0.070485 0.044871 242 191 85
-0.491459 0.080869 0.088017 242 191 85
-0.504397 0.097731 0.127781 242 191 85
-0.521810 0.120424 0.162635 242 191 85
-0.543027 0.148075 0.191238 242 191 85
-0.567234 0.179622 0.212492 242 191 85
-0.593500 0.213852 0.225581 242 191 85
-0.620816 0.249450 0.230000 242 191 85
-0.648131 0.285049 0.225581 242 191 85
-0.674397 0.319279 0.212492 242 191 85
-0.698604 0.350826 0.191238 242 191 85
-0.719821 0.378477 0.162635 242 191 85
-0.737234 0.401170 0.127781 242 191 85
-0.750173 0.418032 0.088017 242 191 85
-0.758140 0.428415 0.044871 242 191 85
-0.760831 0.431922 0.000000 242 191 85
-0.758140 0.428415 -0.044871 242 191 85
-0.750173 0.418032 -0.088017 242 191 85
-0.737234 0.401170 -0.127781 242 191 85
-0.719821 0.378477 -0.162635 242 191 85
-0.698604 0.350826 -0.191238 242 191 85
-0.674397 0.319279 -0.212492 242 191 85
-0.648131 0.285049 -0.225581 242 191 85
-0.620816 0.249450 -0.230000 242 191 85
-0.593500 0.213852 -0.225581 242 191 85
-0.567234 0.179622 -0.212492 242 191 85
-0.543027 0.148075 -0.191238 242 191 85
-0.521810 0.120424 -0.162635 242 191 85
-0.504397 0.097731 -0.127781 242 191 85
-0.491459 0.080869 -0.088017 242 191 85
-0.483491 0.070485 -0.044871 242 191 85
-0.427687 0.110568 0.000000 242 193 85
-0.430601 0.113891 0.044871 242 193 85
-0.439231 0.123731 0.088017 242 193 85
-0.453244 0.139711 0.127781 242 193 85
-0.472104 0.161216 0.162635 242 193 85
-0.495084 0.187420 0.191238 242 193 85
-0.521303 0.217317 0.212492 242 193 85
-0.549751 0.249756 0.225581 242 193 85
-0.579336 0.283491 0.230000 242 193 85
-0.608922 0.317227 0.225581 242 193 85
-0.637370 0.349666 0.212492 242 193 85
-0.663588 0.379562 0.191238 242 193 85
-0.686569 0.405766 0.162635 242 193 85
-0.705428 0.427272 0.127781 242 193 85
-0.719442 0.443252 0.088017 242 193 85
-0.728072 0.453092 0.044871 242 193 85
-0.730986 0.456415 0.000000 242 193 85
-0.728072 0.453092 -0.044871 242 193 85
-0.719442 0.443252 -0.088017 242 193 85
-0.705428 0.427272 -0.127781 242 193 85
-0.686569 0.405766 -0.162635 242 193 85
-0.663588 0.379562 -0.191238 242 193 85
-0.637370 0.349666 -0.212492 242 193 85
-0.608922 0.317227 -0.225581 242 193 85
-0.579336 0.283491 -0.230000 242 193 85
-0.549751 0.249756 -0.225581 242 193 85
-0.521303 0.217317 -0.212492 242 193 85
-0.495084 0.187420 -0.191238 242 193 85
-0.472104 0.161216 -0.162635 242 193 85
-0.453244 0.139711 -0.127781 242 193 85
-0.439231 0.123731 -0.088017 242 193 85
-0.430601 0.113891 -0.044871 242 193 85
-0.377538 0.157538 0.000000 242 195 85
-0.380663 0.160663 0.044871 242 195 85
-0.389918 0.169918 0.088017 242 195 85
-0.404947 0.184947 0.127781 242 195 85
-0.425172 0.205172 0.162635 242 195 85
-0.449818 0.229818 0.191238 242 195 85
-0.477935 0.257935 0.212492 242 195 85
-0.508444 0.288444 0.225581 242 195 85
-0.540172 0.320172 0.230000 242 195 85
-0.571901 0.351901 0.225581 242 195 85
-0.602410 0.382410 0.212492 242 195 85
-0.630527 0.410527 0.191238 242 195 85
-0.655172 0.435172 0.162635 242 195 85
-0.675398 0.455398 0.127781 242 195 85
-0.690427 0.470427 0.088017 242 195 85
-0.699682 0.479682 0.044871 242 195 85
-0.702807 0.482807 0.000000 242 195 85
-0.699682 0.479682 -0.044871 242 195 85
-0.690427 0.470427 -0.088017 242 195 85
-0.675398 0.455398 -0.127781 242 195 85
-0.655172 0.435172 -0.162635 242 195 85
-0.630527 0.410527 -0.191238 242 195 85
-0.602410 0.382410 -0.212492 242 195 85
-0.571901 0.351901 -0.225581 242 195 85
-0.540172 0.320172 -0.230000 242 195 85
-0.508444 0.288444 -0.225581 242 195 85
-0.477935 0.257935 -0.212492 242 195 85
-0.449818 0.229818 -0.191238 242 195 85
-0.425172 0.205172 -0.162635 242 195 85
-0.404947 0.184947 -0.127781 242 195 85
-0.389918 0.169918 -0.088017 242 195 85
-0.380663 0.160663 -0.044871 242 195 85
-0.330568 0.207687 0.000000 242 196 85
-0.333891 0.210601 0.044871 242 196 85
-0.343731 0.219231 0.088017 242 196 85
-0.359711 0.233244 0.127781 242 196 85
-0.381216 0.252104 0.162635 242 196 85
-0.407420 0.275084 0.191238 242 196 85
-0.437317 0.301303 0.212492 242 196 85
-0.469756 0.329751 0.225581 242 196 85
-0.503491 0.359336 0.230000 242 196 85
-0.537227 0.388922 0.225581 242 196 85
-0.569666 0.417370 0.212492 242 196 85
-0.599562 0.443588 0.191238 242 196 85
-0.625766 0.466569 0.162635 242 196 85
-0.647272 0.485428 0.127781 242 196 85
-0.663252 0.499442 0.088017 242 196 85
-0.673092 0.508072 0.044871 242 196 85
-0.676415 0.510986 0.000000 242 196 85
-0.673092 0.508072 -0.044871 242 196 85
-0.663252 0.499442 -0.088017 242 196 85
-0.647272 0.485428 -0.127781 242 196 85
-0.625766 0.466569 -0.162635 242 196 85
-0.599562 0.443588 -0.191238 242 196 85
-0.569666 0.417370 -0.212492 242 196 85
-0.537227 0.388922 -0.225581 242 196 85
-0.503491 0.359336 -0.230000 242 196 85
-0.469756 0.329751 -0.225581 242 196 85
-0.437317 0.301303 -0.212492 242 196 85
-0.407420 0.275084 -0.191238 242 196 85
-0.381216 0.252104 -0.162635 242 196 85
-0.359711 0.233244 -0.127781 242 196 85
-0.343731 0.219231 -0.088017 242 196 85
-0.333891 0.210601 -0.044871 242 196 85
-0.286979 0.260800 0.000000 242 198 85
-0.290485 0.263491 0.044871 242 198 85
-0.300869 0.271459 0.088017 242 198 85
-0.317731 0.284397 0.127781 242 198 85
-0.340424 0.301810 0.162635 242 198 85
-0.368075 0.323027 0.191238 242 198 85
-0.399622 0.347234 0.212492 242 198 85
-0.433852 0.373500 0.225581 242 198 85
-0.469450 0.400816 0.230000 242 198 85
-0.505049 0.428131 0.225581 242 198 85
-0.539279 0.454397 0.212492 242 198 85
-0.570826 0.478604 0.191238 242 198 85
-0.598477 0.499821 0.162635 242 198 85
-0.621170 0.517234 0.127781 242 198 85
-0.638032 0.530173 0.088017 242 198 85
-0.648415 0.538140 0.044871 242 198 85
-0.651922 0.540831 0.000000 242 198 85
-0.648415 0.538140 -0.044871 242 198 85
-0.638032 0.530173 -0.088017 242 198 85
-0.621170 0.517234 -0.127781 242 198 85
-0.598477 0.499821 -0.162635 242 198 85
-0.570826 0.478604 -0.191238 242 198 85
-0.539279 0.454397 -0.212492 242 198 85
-0.505049 0.428131 -0.225581 242 198 85
-0.469450 0.400816 -0.230000 242 198 85
-0.433852 0.373500 -0.225581 242 198 85
-0.399622 0.347234 -0.212492 242 198 85
-0.368075 0.323027 -0.191238 242 198 85
-0.340424 0.301810 -0.162635 242 198 85
-0.317731 0.284397 -0.127781 242 198 85
-0.300869 0.271459 -0.088017 242 198 85
-0.290485 0.263491 -0.044871 242 198 85
-0.246957 0.316651 0.000000 242 200 85
-0.250631 0.319107 0.044871 242 200 85
-0.261514 0.326378 0.088017 242 200 85
-0.279186 0.338186 0.127781 242 200 85
-0.302969 0.354077 0.162635 242 200 85
-0.331949 0.373441 0.191238 242 200 85
-0.365011 0.395533 0.212492 242 200 85
-0.400886 0.419504 0.225581 242 200 85
-0.438195 0.444432 0.230000 242 200 85
-0.475504 0.469361 0.225581 242 200 85
-0.511379 0.493332 0.212492 242 200 85
-0.544441 0.515424 0.191238 242 200 85
-0.573421 0.534787 0.162635 242 200 85
-0.597204 0.550679 0.127781 242 200 85
-0.614876 0.562487 0.088017 242 200 85
-0.625758 0.569758 0.044871 242 200 85
-0.629433 0.572214 0.000000 242 200 85
-0.625758 0.569758 -0.044871 242 200 85
-0.614876 0.562487 -0.088017 242 200 85
-0.597204 0.550679 -0.127781 242 200 85
-0.573421 0.534787 -0.162635 242 200 85
-0.544441 0.515424 -0.191238 242 200 85
-0.511379 0.493332 -0.212492 242 200 85
-0.475504 0.469361 -0.225581 242 200 85
-0.438195 0.444432 -0.230000 242 200 85
-0.400886 0.419504 -0.225581 242 200 85
-0.365011 0.395533 -0.212492 242 200 85
-0.331949 0.373441 -0.191238 242 200 85
-0.302969 0.354077 -0.162635 242 200 85
-0.279186 0.338186 -0.127781 242 200 85
-0.261514 0.326378 -0.088017 242 200 85
-0.250631 0.319107 -0.044871 242 200 85
-0.210673 0.375000 0.000000 242 202 85
-0.214501 0.377210 0.044871 242 202 85
-0.225835 0.383754 0.088017 242 202 85
-0.244242 0.394381 0.127781 242 202 85
-0.269014 0.408683 0.162635 242 202 85
-0.299197 0.426109 0.191238 242 202 85
-0.333634 0.445991 0.212492 242 202 85
-0.371000 0.467565 0.225581 242 202 85
-0.409859 0.490000 0.230000 242 202 85
-0.448718 0.512435 0.225581 242 202 85
-0.486084 0.534009 0.212492 242 202 85
-0.520521 0.553891 0.191238 242 202 85
-0.550705 0.571317 0.162635 242 202 85
-0.575476 0.585619 0.127781 242 202 85
-0.593883 0.596246 0.088017 242 202 85
-0.605218 0.602790 0.044871 242 202 85
-0.609045 0.605000 0.000000 242 202 85
-0.605218 0.602790 -0.044871 242 202 85
-0.593883 0.596246 -0.088017 242 202 85
-0.575476 0.585619 -0.127781 242 202 85
-0.550705 0.571317 -0.162635 242 202 85
-0.520521 0.553891 -0.191238 242 202 85
-0.486084 0.534009 -0.212492 242 202 85
-0.448718 0.512435 -0.225581 242 202 85
-0.409859 0.490000 -0.230000 242 202 85
-0.371000 0.467565 -0.225581 242 202 85
-0.333634 0.445991 -0.212492 242 202 85
-0.299197 0.426109 -0.191238 242 202 85
-0.269014 0.408683 -0.162635 242 202 85
-0.244242 0.394381 -0.127781 242 202 85
-0.225835 0.383754 -0.088017 242 202 85
-0.214501 0.377210 -0.044871 242 202 85
-0.178284 0.435597 0.000000 242 204 85
-0.182247 0.437552 0.044871 242 204 85
-0.193986 0.443340 0.088017 242 204 85
-0.213048 0.452741 0.127781 242 204 85
-0.238702 0.465392 0.162635 242 204 85
-0.269961 0.480807 0.191238 242 204 85
-0.305624 0.498394 0.212492 242 204 85
-0.344321 0.517477 0.225581 242 204 85
-0.384564 0.537323 0.230000 242 204 85
-0.424808 0.557169 0.225581 242 204 85
-0.463505 0.576252 0.212492 242 204 85
-0.499168 0.593839 0.191238 242 204 85
-0.530427 0.609255 0.162635 242 204 85
-0.556081 0.621906 0.127781 242 204 85
-0.575143 0.631306 0.088017 242 204 85
-0.586881 0.637095 0.044871 242 204 85
-0.590845 0.639050 0.000000 242 204 85
-0.586881 0.637095 -0.044871 242 204 85
-0.575143 0.631306 -0.088017 242 204 85
-0.556081 0.621906 -0.127781 242 204 85
-0.530427 0.609255 -0.162635 242 204 85
-0.499168 0.593839 -0.191238 242 204 85
-0.463505 0.576252 -0.212492 242 204 85
-0.424808 0.557169 -0.225581 242 204 85
-0.384564 0.537323 -0.230000 242 204 85
-0.344321 0.517477 -0.225581 242 204 85
-0.305624 0.498394 -0.212492 242 204 85
-0.269961 0.480807 -0.191238 242 204 85
-0.238702 0.465392 -0.162635 242 204 85
-0.213048 0.452741 -0.127781 242 204 85
-0.193986 0.443340 -0.088017 242 204 85
-0.182247 0.437552 -0.044871 242 204 85
-0.149926 0.498182 0.000000 242 206 85
-0.154009 0.499874 0.044871 242 206 85
-0.166102 0.504882 0.088017 242 206 85
-0.185738 0.513016 0.127781 242 206 85
-0.212164 0.523962 0.162635 242 206 85
-0.244364 0.537300 0.191238 242 206 85
-0.281102 0.552517 0.212492 242 206 85
-0.320964 0.569028 0.225581 242 206 85
-0.362419 0.586200 0.230000 242 206 85
-0.403874 0.603371 0.225581 242 206 85
-0.443736 0.619882 0.212492 242 206 85
-0.480473 0.635099 0.191238 242 206 85
-0.512674 0.648437 0.162635 242 206 85
-0.539100 0.659383 0.127781 242 206 85
-0.558736 0.667517 0.088017 242 206 85
-0.570828 0.672526 0.044871 242 206 85
-0.574911 0.674217 0.000000 242 206 85
-0.570828 0.672526 -0.044871 242 206 85
-0.558736 0.667517 -0.088017 242 206 85
-0.539100 0.659383 -0.127781 242 206 85
-0.512674 0.648437 -0.162635 242 206 85
-0.480473 0.635099 -0.191238 242 206 85
-0.443736 0.619882 -0.212492 242 206 85
-0.403874 0.603371 -0.225581 242 206 85
-0.362419 0.586200 -0.230000 242 206 85
-0.320964 0.569028 -0.225581 242 206 85
-0.281102 0.552517 -0.212492 242 206 85
-0.244364 0.537300 -0.191238 242 206 85
-0.212164 0.523962 -0.162635 242 206 85
-0.185738 0.513016 -0.127781 242 206 85
-0.166102 0.504882 -0.088017 242 206 85
-0.154009 0.499874 -0.044871 242 206 85
-0.125723 0.562489 0.000000 242 208 85
-0.129908 0.563909 0.044871 242 208 85
-0.142302 0.568116 0.088017 242 208 85
-0.162428 0.574948 0.127781 242 208 85
-0.189514 0.584142 0.162635 242 208 85
-0.222517 0.595346 0.191238 242 208 85
-0.260171 0.608127 0.212492 242 208 85
-0.301028 0.621996 0.225581 242 208 85
-0.343517 0.636420 0.230000 242 208 85
-0.386007 0.650843 0.225581 242 208 85
-0.426863 0.664712 0.212492 242 208 85
-0.464517 0.677494 0.191238 242 208 85
-0.497521 0.688697 0.162635 242 208 85
-0.524606 0.697891 0.127781 242 208 85
-0.544733 0.704723 0.088017 242 208 85
-0.557126 0.708930 0.044871 242 208 85
-0.561311 0.710351 0.000000 242 208 85
-0.557126 0.708930 -0.044871 242 208 85
-0.544733 0.704723 -0.088017 242 208 85
-0.524606 0.697891 -0.127781 242 208 85
-0.497521 0.688697 -0.162635 242 208 85
-0.464517 0.677494 -0.191238 242 208 85
-0.426863 0.664712 -0.212492 242 208 85
-0.386007 0.650843 -0.225581 242 208 85
-0.343517 0.636420 -0.230000 242 208 85
-0.301028 0.621996 -0.225581 242 208 85
-0.260171 0.608127 -0.212492 242 208 85
-0.222517 0.595346 -0.191238 242 208 85
-0.189514 0.584142 -0.162635 242 208 85
-0.162428 0.574948 -0.127781 242 208 85
-0.142302 0.568116 -0.088017 242 208 85
-0.129908 0.563909 -0.044871 242 208 85
-0.105778 0.628240 0.000000 242 210 85
-0.110047 0.629384 0.044871 242 210 85
-0.122689 0.632771 0.088017 242 210 85
-0.143219 0.638272 0.127781 242 210 85
-0.170848 0.645675 0.162635 242 210 85
-0.204514 0.654696 0.191238 242 210 85
-0.242923 0.664988 0.212492 242 210 85
-0.284599 0.676155 0.225581 242 210 85
-0.327941 0.687768 0.230000 242 210 85
-0.371283 0.699382 0.225581 242 210 85
-0.412959 0.710549 0.212492 242 210 85
-0.451368 0.720841 0.191238 242 210 85
-0.485034 0.729861 0.162635 242 210 85
-0.512663 0.737264 0.127781 242 210 85
-0.533193 0.742765 0.088017 242 210 85
-0.545835 0.746153 0.044871 242 210 85
-0.550104 0.747297 0.000000 242 210 85
-0.545835 0.746153 -0.044871 242 210 85
-0.533193 0.742765 -0.088017 242 210 85
-0.512663 0.737264 -0.127781 242 210 85
-0.485034 0.729861 -0.162635 242 210 85
-0.451368 0.720841 -0.191238 242 210 85
-0.412959 0.710549 -0.212492 242 210 85
-0.371283 0.699382 -0.225581 242 210 85
-0.327941 0.687768 -0.230000 242 210 85
-0.284599 0.676155 -0.225581 242 210 85
-0.242923 0.664988 -0.212492 242 210 85
-0.204514 0.654696 -0.191238 242 210 85
-0.170848 0.645675 -0.162635 242 210 85
-0.143219 0.638272 -0.127781 242 210 85
-0.122689 0.632771 -0.088017 242 210 85
-0.110047 0.629384 -0.044871 242 210 85
-0.090175 0.695155 0.000000 242 211 85
-0.094510 0.696017 0.044871 242 211 85
-0.107347 0.698571 0.088017 242 211 85
-0.128193 0.702717 0.127781 242 211 85
-0.156246 0.708298 0.162635 242 211 85
-0.190430 0.715097 0.191238 242 211 85
-0.229430 0.722855 0.212492 242 211 85
-0.271747 0.731272 0.225581 242 211 85
-0.315756 0.740026 0.230000 242 211 85
-0.359765 0.748780 0.225581 242 211 85
-0.402082 0.757197 0.212492 242 211 85
-0.441082 0.764955 0.191238 242 211 85
-0.475266 0.771754 0.162635 242 211 85
-0.503319 0.777335 0.127781 242 211 85
-0.524165 0.781481 0.088017 242 211 85
-0.537002 0.784035 0.044871 242 211 85
-0.541337 0.784897 0.000000 242 211 85
-0.537002 0.784035 -0.044871 242 211 85
-0.524165 0.781481 -0.088017 242 211 85
-0.503319 0.777335 -0.127781 242 211 85
-0.475266 0.771754 -0.162635 242 211 85
-0.441082 0.764955 -0.191238 242 211 85
-0.402082 0.757197 -0.212492 242 211 85
-0.359765 0.748780 -0.225581 242 211 85
-0.315756 0.740026 -0.230000 242 211 85
-0.271747 0.731272 -0.225581 242 211 85
-0.229430 0.722855 -0.212492 242 211 85
-0.190430 0.715097 -0.191238 242 211 85
-0.156246 0.708298 -0.162635 242 211 85
-0.128193 0.702717 -0.127781 242 211 85
-0.107347 0.698571 -0.088017 242 211 85
-0.094510 0.696017 -0.044871 242 211 85
-0.078983 0.762947 0.000000 242 213 85
-0.083364 0.763524 0.044871 242 213 85
-0.096341 0.765233 0.088017 242 213 85
-0.117413 0.768007 0.127781 242 213 85
-0.145772 0.771740 0.162635 242 213 85
-0.180327 0.776290 0.191238 242 213 85
-0.219751 0.781480 0.212492 242 213 85
-0.262528 0.787112 0.225581 242 213 85
-0.307015 0.792969 0.230000 242 213 85
-0.351502 0.798825 0.225581 242 213 85
-0.394279 0.804457 0.212492 242 213 85
-0.433703 0.809647 0.191238 242 213 85
-0.468258 0.814197 0.162635 242 213 85
-0.496617 0.817930 0.127781 242 213 85
-0.517690 0.820704 0.088017 242 213 85
-0.530666 0.822413 0.044871 242 213 85
-0.535048 0.822990 0.000000 242 213 85
-0.530666 0.822413 -0.044871 242 213 85
-0.517690 0.820704 -0.088017 242 213 85
-0.496617 0.817930 -0.127781 242 213 85
-0.468258 0.814197 -0.162635 242 213 85
-0.433703 0.809647 -0.191238 242 213 85
-0.394279 0.804457 -0.212492 242 213 85
-0.351502 0.798825 -0.225581 242 213 85
-0.307015 0.792969 -0.230000 242 213 85
-0.262528 0.787112 -0.225581 242 213 85
-0.219751 0.781480 -0.212492 242 213 85
-0.180327 0.776290 -0.191238 242 213 85
-0.145772 0.771740 -0.162635 242 213 85
-0.117413 0.768007 -0.127781 242 213 85
-0.096341 0.765233 -0.088017 242 213 85
-0.083364 0.763524 -0.044871 242 213 85
-0.072248 0.831327 0.000000 242 215 85
-0.076658 0.831616 0.044871 242 215 85
-0.089718 0.832472 0.088017 242 215 85
-0.110927 0.833862 0.127781 242 215 85
-0.139469 0.835733 0.162635 242 215 85
-0.174248 0.838012 0.191238 242 215 85
-0.213927 0.840613 0.212492 242 215 85
-0.256981 0.843435 0.225581 242 215 85
-0.301756 0.846369 0.230000 242 215 85
-0.346530 0.849304 0.225581 242 215 85
-0.389584 0.852126 0.212492 242 215 85
-0.429263 0.854727 0.191238 242 215 85
-0.464042 0.857006 0.162635 242 215 85
-0.492584 0.858877 0.127781 242 215 85
-0.513793 0.860267 0.088017 242 215 85
-0.526853 0.861123 0.044871 242 215 85
-0.531263 0.861412 0.000000 242 215 85
-0.526853 0.861123 -0.044871 242 215 85
-0.513793 0.860267 -0.088017 242 215 85
-0.492584 0.858877 -0.127781 242 215 85
-0.464042 0.857006 -0.162635 242 215 85
-0.429263 0.854727 -0.191238 242 215 85
-0.389584 0.852126 -0.212492 242 215 85
-0.346530 0.849304 -0.225581 242 215 85
-0.301756 0.846369 -0.230000 242 215 85
-0.256981 0.843435 -0.225581 242 215 85
-0.213927 0.840613 -0.212492 242 215 85
-0.174248 0.838012 -0.191238 242 215 85
-0.139469 0.835733 -0.162635 242 215 85
-0.110927 0.833862 -0.127781 242 215 85
-0.089718 0.832472 -0.088017 242 215 85
-0.076658 0.831616 -0.044871 242 215 85
1.194144 1.386468 0.000000 68 242 174
1.193509 1.386468 0.009678 68 242 174
1.191617 1.386468 0.019190 68 242 174
1.188500 1.386468 0.028374 68 242 174
1.184210 1.386468 0.037072 68 242 174
1.178822 1.386468 0.045136 68 242 174
1.172428 1.386468 0.052428 68 242 174
1.165136 1.386468 0.058822 68 242 174
1.157072 1.386468 0.064210 68 242 174
1.148374 1.386468 0.068500 68 242 174
1.139190 1.386468 0.071617 68 242 174
1.129678 1.386468 0.073509 68 242 174
1.120000 1.386468 0.074144 68 242 174
1.110322 1.386468 0.073509 68 242 174
1.100810 1.386468 0.071617 68 242 174
1.091626 1.386468 0.068500 68 242 174
1.082928 1.386468 0.064210 68 242 174
1.074864 1.386468 0.058822 68 242 174
1.067572 1.386468 0.052428 68 242 174
1.061178 1.386468 0.045136 68 242 174
1.055790 1.386468 0.037072 68 242 174
1.051500 1.386468 0.028374 68 242 174
1.048383 1.386468 0.019190 68 242 174
1.046491 1.386468 0.009678 68 242 174
1.045856 1.386468 0.000000 68 242 174
1.046491 1.386468 -0.009678 68 242 174
1.048383 1.386468 -0.019190 68 242 174
1.051500 1.386468 -0.028374 68 242 174
1.055790 1.386468 -0.037072 68 242 174
1.061178 1.386468 -0.045136 68 242 174
1.067572 1.386468 -0.052428 68 242 174
1.074864 1.386468 -0.058822 68 242 174
1.082928 1.386468 -0.064210 68 242 174
1.091626 1.386468 -0.068500 68 242 174
1.100810 1.386468 -0.071617 68 242 174
1.110322 1.386468 -0.073509 68 242 174
1.120000 1.386468 -0.074144 68 242 174
1.129678 1.386468 -0.073509 68 242 174
1.139190 1.386468 -0.071617 68 242 174
1.148374 1.386468 -0.068500 68 242 174
1.157072 1.386468 -0.064210 68 242 174
1.165136 1.386468 -0.058822 68 242 174
1.172428 1.386468 -0.052428 68 242 174
1.178822 1.386468 -0.045136 68 242 174
1.184210 1.386468 -0.037072 68 242 174
1.188500 1.386468 -0.028374 68 242 174
1.191617 1.386468 -0.019190 68 242 174
1.193509 1.386468 -0.009678 68 242 174
1.267616 1.375904 0.000000 68 242 179
1.266353 1.375904 0.019268 68 242 179
1.262586 1.375904 0.038206 68 242 179
1.256379 1.375904 0.056490 68 242 179
1.247839 1.375904 0.073808 68 242 179
1.237112 1.375904 0.089863 68 242 179
1.224380 1.375904 0.104380 68 242 179
1.209863 1.375904 0.117112 68 242 179
1.193808 1.375904 0.127839 68 242 179
1.176490 1.375904 0.136379 68 242 179
1.158206 1.375904 0.142586 68 242 179
1.139268 1.375904 0.146353 68 242 179
1.120000 1.375904 0.147616 68 242 179
1.100732 1.375904 0.146353 68 242 179
1.081794 1.375904 0.142586 68 242 179
1.063510 1.375904 0.136379 68 242 179
1.046192 1.375904 0.127839 68 242 179
1.030137 1.375904 0.117112 68 242 179
1.015620 1.375904 0.104380 68 242 179
1.002888 1.375904 0.089863 68 242 179
0.992161 1.375904 0.073808 68 242 179
0.983621 1.375904 0.056490 68 242 179
0.977414 1.375904 0.038206 68 242 179
0.973647 1.375904 0.019268 68 242 179
0.972384 1.375904 0.000000 68 242 179
0.973647 1.375904 -0.019268 68 242 179
0.977414 1.375904 -0.038206 68 242 179
0.983621 1.375904 -0.056490 68 242 179
0.992161 1.375904 -0.073808 68 242 179
1.002888 1.375904 -0.089863 68 242 179
1.015620 1.375904 -0.104380 68 242 179
1.030137 1.375904 -0.117112 68 242 179
1.046192 1.375904 -0.127839 68 242 179
1.063510 1.375904 -0.136379 68 242 179
1.081794 1.375904 -0.142586 68 242 179
1.100732 1.375904 -0.146353 68 242 179
1.120000 1.375904 -0.147616 68 242 179
1.139268 1.375904 -0.146353 68 242 179
1.158206 1.375904 -0.142586 68 242 179
1.176490 1.375904 -0.136379 68 242 179
1.193808 1.375904 -0.127839 68 242 179
1.209863 1.375904 -0.117112 68 242 179
1.224380 1.375904 -0.104380 68 242 179
1.237112 1.375904 -0.089863 68 242 179
1.247839 1.375904 -0.073808 68 242 179
1.256379 1.375904 -0.056490 68 242 179
1.262586 1.375904 -0.038206 68 242 179
1.266353 1.375904 -0.019268 68 242 179
1.339751 1.358405 0.000000 68 242 184
1.337871 1.358405 0.028683 68 242 184
1.332264 1.358405 0.056876 68 242 184
1.323024 1.358405 0.084095 68 242 184
1.310310 1.358405 0.109876 68 242 184
1.294341 1.358405 0.133776 68 242 184
1.275388 1.358405 0.155388 68 242 184
1.253776 1.358405 0.174341 68 242 184
1.229876 1.358405 0.190310 68 242 184
1.204095 1.358405 0.203024 68 242 184
1.176876 1.358405 0.212264 68 242 184
1.148683 1.358405 0.217871 68 242 184
1.120000 1.358405 0.219751 68 242 184
1.091317 1.358405 0.217871 68 242 184
1.063124 1.358405 0.212264 68 242 184
1.035905 1.358405 0.203024 68 242 184
1.010124 1.358405 0.190310 68 242 184
0.986224 1.358405 0.174341 68 242 184
0.964612 1.358405 0.155388 68 242 184
0.945659 1.358405 0.133776 68 242 184
0.929690 1.358405 0.109876 68 242 184
0.916976 1.358405 0.084095 68 242 184
0.907736 1.358405 0.056876 68 242 184
0.902129 1.358405 0.028683 68 242 184
0.900249 1.358405 0.000000 68 242 184
0.902129 1.358405 -0.028683 68 242 184
0.907736 1.358405 -0.056876 68 242 184
0.916976 1.358405 -0.084095 68 242 184
0.929690 1.358405 -0.109876 68 242 184
0.945659 1.358405 -0.133776 68 242 184
0.964612 1.358405 -0.155388 68 242 184
0.986224 1.358405 -0.174341 68 242 184
1.010124 1.358405 -0.190310 68 242 184
1.035905 1.358405 -0.203024 68 242 184
1.063124 1.358405 -0.212264 68 242 184
1.091317 1.358405 -0.217871 68 242 184
1.120000 1.358405 -0.219751 68 242 184
1.148683 1.358405 -0.217871 68 242 184
1.176876 1.358405 -0.212264 68 242 184
1.204095 1.358405 -0.203024 68 242 184
1.229876 1.358405 -0.190310 68 242 184
1.253776 1.358405 -0.174341 68 242 184
1.275388 1.358405 -0.155388 68 242 184
1.294341 1.358405 -0.133776 68 242 184
1.310310 1.358405 -0.109876 68 242 184
1.323024 1.358405 -0.084095 68 242 184
1.332264 1.358405 -0.056876 68 242 184
1.337871 1.358405 -0.028683 68 242 184
1.409897 1.334127 0.000000 68 242 189
1.407417 1.334127 0.037839 68 242 189
1.400019 1.334127 0.075031 68 242 189
1.387830 1.334127 0.110939 68 242 189
1.371058 1.334127 0.144948 68 242 189
1.349991 1.334127 0.176478 68 242 189
1.324988 1.334127 0.204988 68 242 189
1.296478 1.334127 0.229991 68 242 189
1.264948 1.334127 0.251058 68 242 189
1.230939 1.334127 0.267830 68 242 189
1.195031 1.334127 0.280019 68 242 189
1.157839 1.334127 0.287417 68 242 189
1.120000 1.334127 0.289897 68 242 189
1.082161 1.334127 0.287417 68 242 189
1.044969 1.334127 0.280019 68 242 189
1.009061 1.334127 0.267830 68 242 189
0.975052 1.334127 0.251058 68 242 189
0.943522 1.334127 0.229991 68 242 189
0.915012 1.334127 0.204988 68 242 189
0.890009 1.334127 0.176478 68 242 189
0.868942 1.334127 0.144948 68 242 189
0.852170 1.334127 0.110939 68 242 189
0.839981 1.334127 0.075031 68 242 189
0.832583 1.334127 0.037839 68 242 189
0.830103 1.334127 0.000000 68 242 189
0.832583 1.334127 -0.037839 68 242 189
0.839981 1.334127 -0.075031 68 242 189
0.852170 1.334127 -0.110939 68 242 189
0.868942 1.334127 -0.144948 68 242 189
0.890009 1.334127 -0.176478 68 242 189
0.915012 1.334127 -0.204988 68 242 189
0.943522 1.334127 -0.229991 68 242 189
0.975052 1.334127 -0.251058 68 242 189
1.009061 1.334127 -0.267830 68 242 189
1.044969 1.334127 -0.280019 68 242 189
1.082161 1.334127 -0.287417 68 242 189
1.120000 1.334127 -0.289897 68 242 189
1.157839 1.334127 -0.287417 68 242 189
1.195031 1.334127 -0.280019 68 242 189
1.230939 1.334127 -0.267830 68 242 189
1.264948 1.334127 -0.251058 68 242 189
1.296478 1.334127 -0.229991 68 242 189
1.324988 1.334127 -0.204988 68 242 189
1.349991 1.334127 -0.176478 68 242 189
1.371058 1.334127 -0.144948 68 242 189
1.387830 1.334127 -0.110939 68 242 189
1.400019 1.334127 -0.075031 68 242 189
1.407417 1.334127 -0.037839 68 242 189
1.477417 1.303292 0.000000 68 242 194
1.474359 1.303292 0.046652 68 242 194
1.465238 1.303292 0.092506 68 242 194
1.450210 1.303292 0.136777 68 242 194
1.429532 1.303292 0.178708 68 242 194
1.403558 1.303292 0.217581 68 242 194
1.372732 1.303292 0.252732 68 242 194
1.337581 1.303292 0.283558 68 242 194
1.298708 1.303292 0.309532 68 242 194
1.256777 1.303292 0.330210 68 242 194
1.212506 1.303292 0.345238 68 242 194
1.166652 1.303292 0.354359 68 242 194
1.120000 1.303292 0.357417 68 242 194
1.073348 1.303292 0.354359 68 242 194
1.027494 1.303292 0.345238 68 242 194
0.983223 1.303292 0.330210 68 242 194
0.941292 1.303292 0.309532 68 242 194
0.902419 1.303292 0.283558 68 242 194
0.867268 1.303292 0.252732 68 242 194
0.836442 1.303292 0.217581 68 242 194
0.810468 1.303292 0.178708 68 242 194
0.789790 1.303292 0.136777 68 242 194
0.774762 1.303292 0.092506 68 242 194
0.765641 1.303292 0.046652 68 242 194
0.762583 1.303292 0.000000 68 242 194
0.765641 1.303292 -0.046652 68 242 194
0.774762 1.303292 -0.092506 68 242 194
0.789790 1.303292 -0.136777 68 242 194
0.810468 1.303292 -0.178708 68 242 194
0.836442 1.303292 -0.217581 68 242 194
0.867268 1.303292 -0.252732 68 242 194
0.902419 1.303292 -0.283558 68 242 194
0.941292 1.303292 -0.309532 68 242 194
0.983223 1.303292 -0.330210 68 242 194
1.027494 1.303292 -0.345238 68 242 194
1.073348 1.303292 -0.354359 68 242 194
1.120000 1.303292 -0.357417 68 242 194
1.166652 1.303292 -0.354359 68 242 194
1.212506 1.303292 -0.345238 68 242 194
1.256777 1.303292 -0.330210 68 242 194
1.298708 1.303292 -0.309532 68 242 194
1.337581 1.303292 -0.283558 68 242 194
1.372732 1.303292 -0.252732 68 242 194
1.403558 1.303292 -0.217581 68 242 194
1.429532 1.303292 -0.178708 68 242 194
1.450210 1.303292 -0.136777 68 242 194
1.465238 1.303292 -0.092506 68 242 194
1.474359 1.303292 -0.046652 68 242 194
1.541700 1.266178 0.000000 68 242 199
1.538092 1.266178 0.055043 68 242 199
1.527331 1.266178 0.109144 68 242 199
1.509600 1.266178 0.161378 68 242 199
1.485203 1.266178 0.210850 68 242 199
1.454557 1.266178 0.256715 68 242 199
1.418187 1.266178 0.298187 68 242 199
1.376715 1.266178 0.334557 68 242 199
1.330850 1.266178 0.365203 68 242 199
1.281378 1.266178 0.389600 68 242 199
1.229144 1.266178 0.407331 68 242 199
1.175043 1.266178 0.418092 68 242 199
1.120000 1.266178 0.421700 68 242 199
1.064957 1.266178 0.418092 68 242 199
1.010856 1.266178 0.407331 68 242 199
0.958622 1.266178 0.389600 68 242 199
0.909150 1.266178 0.365203 68 242 199
0.863285 1.266178 0.334557 68 242 199
0.821813 1.266178 0.298187 68 242 199
0.785443 1.266178 0.256715 68 242 199
0.754797 1.266178 0.210850 68 242 199
0.730400 1.266178 0.161378 68 242 199
0.712669 1.266178 0.109144 68 242 199
0.701908 1.266178 0.055043 68 242 199
0.698300 1.266178 0.000000 68 242 199
0.701908 1.266178 -0.055043 68 242 199
0.712669 1.266178 -0.109144 68 242 199
0.730400 1.266178 -0.161378 68 242 199
0.754797 1.266178 -0.210850 68 242 199
0.785443 1.266178 -0.256715 68 242 199
0.821813 1.266178 -0.298187 68 242 199
0.863285 1.266178 -0.334557 68 242 199
0.909150 1.266178 -0.365203 68 242 199
0.958622 1.266178 -0.389600 68 242 199
1.010856 1.266178 -0.407331 68 242 199
1.064957 1.266178 -0.418092 68 242 199
1.120000 1.266178 -0.421700 68 242 199
1.175043 1.266178 -0.418092 68 242 199
1.229144 1.266178 -0.407331 68 242 199
1.281378 1.266178 -0.389600 68 242 199
1.330850 1.266178 -0.365203 68 242 199
1.376715 1.266178 -0.334557 68 242 199
1.418187 1.266178 -0.298187 68 242 199
1.454557 1.266178 -0.256715 68 242 199
1.485203 1.266178 -0.210850 68 242 199
1.509600 1.266178 -0.161378 68 242 199
1.527331 1.266178 -0.109144 68 242 199
1.538092 1.266178 -0.055043 68 242 199
1.602164 1.223121 0.000000 68 242 205
1.598039 1.223121 0.062935 68 242 205
1.585735 1.223121 0.124793 68 242 205
1.565461 1.223121 0.184516 68 242 205
1.537566 1.223121 0.241082 68 242 205
1.502526 1.223121 0.293523 68 242 205
1.460941 1.223121 0.340941 68 242 205
1.413523 1.223121 0.382526 68 242 205
1.361082 1.223121 0.417566 68 242 205
1.304516 1.223121 0.445461 68 242 205
1.244793 1.223121 0.465735 68 242 205
1.182935 1.223121 0.478039 68 242 205
1.120000 1.223121 0.482164 68 242 205
1.057065 1.223121 0.478039 68 242 205
0.995207 1.223121 0.465735 68 242 205
0.935484 1.223121 0.445461 68 242 205
0.878918 1.223121 0.417566 68 242 205
0.826477 1.223121 0.382526 68 242 205
0.779059 1.223121 0.340941 68 242 205
0.737474 1.223121 0.293523 68 242 205
0.702434 1.223121 0.241082 68 242 205
0.674539 1.223121 0.184516 68 242 205
0.654265 1.223121 0.124793 68 242 205
0.641961 1.223121 0.062935 68 242 205
0.637836 1.223121 0.000000 68 242 205
0.641961 1.223121 -0.062935 68 242 205
0.654265 1.223121 -0.124793 68 242 205
0.674539 1.223121 -0.184516 68 242 205
0.702434 1.223121 -0.241082 68 242 205
0.737474 1.223121 -0.293523 68 242 205
0.779059 1.223121 -0.340941 68 242 205
0.826477 1.223121 -0.382526 68 242 205
0.878918 1.223121 -0.417566 68 242 205
0.935484 1.223121 -0.445461 68 242 205
0.995207 1.223121 -0.465735 68 242 205
1.057065 1.223121 -0.478039 68 242 205
1.120000 1.223121 -0.482164 68 242 205
1.182935 1.223121 -0.478039 68 242 205
1.244793 1.223121 -0.465735 68 242 205
1.304516 1.223121 -0.445461 68 242 205
1.361082 1.223121 -0.417566 68 242 205
1.413523 1.223121 -0.382526 68 242 205
1.460941 1.223121 -0.340941 68 242 205
1.502526 1.223121 -0.293523 68 242 205
1.537566 1.223121 -0.241082 68 242 205
1.565461 1.223121 -0.184516 68 242 205
1.585735 1.223121 -0.124793 68 242 205
1.598039 1.223121 -0.062935 68 242 205
1.658262 1.174513 0.000000 68 242 210
1.653657 1.174513 0.070257 68 242 210
1.639921 1.174513 0.139312 68 242 210
1.617289 1.174513 0.205984 68 242 210
1.586148 1.174513 0.269131 68 242 210
1.547032 1.174513 0.327673 68 242 210
1.500608 1.174513 0.380608 68 242 210
1.447673 1.174513 0.427032 68 242 210
1.389131 1.174513 0.466148 68 242 210
1.325984 1.174513 0.497289 68 242 210
1.259312 1.174513 0.519921 68 242 210
1.190257 1.174513 0.533657 68 242 210
1.120000 1.174513 0.538262 68 242 210
1.049743 1.174513 0.533657 68 242 210
0.980688 1.174513 0.519921 68 242 210
0.914016 1.174513 0.497289 68 242 210
0.850869 1.174513 0.466148 68 242 210
0.792327 1.174513 0.427032 68 242 210
0.739392 1.174513 0.380608 68 242 210
0.692968 1.174513 0.327673 68 242 210
0.653852 1.174513 0.269131 68 242 210
0.622711 1.174513 0.205984 68 242 210
0.600079 1.174513 0.139312 68 242 210
0.586343 1.174513 0.070257 68 242 210
0.581738 1.174513 0.000000 68 242 210
0.586343 1.174513 -0.070257 68 242 210
0.600079 1.174513 -0.139312 68 242 210
0.622711 1.174513 -0.205984 68 242 210
0.653852 1.174513 -0.269131 68 242 210
0.692968 1.174513 -0.327673 68 242 210
0.739392 1.174513 -0.380608 68 242 210
0.792327 1.174513 -0.427032 68 242 210
0.850869 1.174513 -0.466148 68 242 210
0.914016 1.174513 -0.497289 68 242 210
0.980688 1.174513 -0.519921 68 242 210
1.049743 1.174513 -0.533657 68 242 210
1.120000 1.174513 -0.538262 68 242 210
1.190257 1.174513 -0.533657 68 242 210
1.259312 1.174513 -0.519921 68 242 210
1.325984 1.174513 -0.497289 68 242 210
1.389131 1.174513 -0.466148 68 242 210
1.447673 1.174513 -0.427032 68 242 210
1.500608 1.174513 -0.380608 68 242 210
1.547032 1.174513 -0.327673 68 242 210
1.586148 1.174513 -0.269131 68 242 210
1.617289 1.174513 -0.205984 68 242 210
1.639921 1.174513 -0.139312 68 242 210
1.653657 1.174513 -0.070257 68 242 210
1.709485 1.120791 0.000000 68 242 215
1.704442 1.120791 0.076943 68 242 215
1.689398 1.120791 0.152570 68 242 215
1.664613 1.120791 0.225586 68 242 215
1.630509 1.120791 0.294742 68 242 215
1.587670 1.120791 0.358856 68 242 215
1.536829 1.120791 0.416829 68 242 215
1.478856 1.120791 0.467670 68 242 215
1.414742 1.120791 0.510509 68 242 215
1.345586 1.120791 0.544613 68 242 215
1.272570 1.120791 0.569398 68 242 215
1.196943 1.120791 0.584442 68 242 215
1.120000 1.120791 0.589485 68 242 215
1.043057 1.120791 0.584442 68 242 215
0.967430 1.120791 0.569398 68 242 215
0.894414 1.120791 0.544613 68 242 215
0.825258 1.120791 0.510509 68 242 215
0.761144 1.120791 0.467670 68 242 215
0.703171 1.120791 0.416829 68 242 215
0.652330 1.120791 0.358856 68 242 215
0.609491 1.120791 0.294742 68 242 215
0.575387 1.120791 0.225586 68 242 215
0.550602 1.120791 0.152570 68 242 215
0.535558 1.120791 0.076943 68 242 215
0.530515 1.120791 0.000000 68 242 215
0.535558 1.120791 -0.076943 68 242 215
0.550602 1.120791 -0.152570 68 242 215
0.575387 1.120791 -0.225586 68 242 215
0.609491 1.120791 -0.294742 68 242 215
0.652330 1.120791 -0.358856 68 242 215
0.703171 1.120791 -0.416829 68 242 215
0.761144 1.120791 -0.467670 68 242 215
0.825258 1.120791 -0.510509 68 242 215
0.894414 1.120791 -0.544613 68 242 215
0.967430 1.120791 -0.569398 68 242 215
1.043057 1.120791 -0.584442 68 242 215
1.120000 1.120791 -0.589485 68 242 215
1.196943 1.120791 -0.584442 68 242 215
1.272570 1.120791 -0.569398 68 242 215
1.345586 1.120791 -0.544613 68 242 215
1.414742 1.120791 -0.510509 68 242 215
1.478856 1.120791 -0.467670 68 242 215
1.536829 1.120791 -0.416829 68 242 215
1.587670 1.120791 -0.358856 68 242 215
1.630509 1.120791 -0.294742 68 242 215
1.664613 1.120791 -0.225586 68 242 215
1.689398 1.120791 -0.152570 68 242 215
1.704442 1.120791 -0.076943 68 242 215
1.755369 1.062444 0.000000 68 242 220
1.749934 1.062444 0.082932 68 242 220
1.733720 1.062444 0.164446 68 242 220
1.707005 1.062444 0.243145 68 242 220
1.670246 1.062444 0.317685 68 242 220
1.624072 1.062444 0.386788 68 242 220
1.569274 1.062444 0.449274 68 242 220
1.506788 1.062444 0.504072 68 242 220
1.437685 1.062444 0.550246 68 242 220
1.363145 1.062444 0.587005 68 242 220
1.284446 1.062444 0.613720 68 242 220
1.202932 1.062444 0.629934 68 242 220
1.120000 1.062444 0.635369 68 242 220
1.037068 1.062444 0.629934 68 242 220
0.955554 1.062444 0.613720 68 242 220
0.876855 1.062444 0.587005 68 242 220
0.802315 1.062444 0.550246 68 242 220
0.733212 1.062444 0.504072 68 242 220
0.670726 1.062444 0.449274 68 242 220
0.615928 1.062444 0.386788 68 242 220
0.569754 1.062444 0.317685 68 242 220
0.532995 1.062444 0.243145 68 242 220
0.506280 1.062444 0.164446 68 242 220
0.490066 1.062444 0.082932 68 242 220
0.484631 1.062444 0.000000 68 242 220
0.490066 1.062444 -0.082932 68 242 220
0.506280 1.062444 -0.164446 68 242 220
0.532995 1.062444 -0.243145 68 242 220
0.569754 1.062444 -0.317685 68 242 220
0.615928 1.062444 -0.386788 68 242 220
0.670726 1.062444 -0.449274 68 242 220
0.733212 1.062444 -0.504072 68 242 220
0.802315 1.062444 -0.550246 68 242 220
0.876855 1.062444 -0.587005 68 242 220
0.955554 1.062444 -0.613720 68 242 220
1.037068 1.062444 -0.629934 68 242 220
1.120000 1.062444 -0.635369 68 242 220
1.202932 1.062444 -0.629934 68 242 220
1.284446 1.062444 -0.613720 68 242 220
1.363145 1.062444 -0.587005 68 242 220
1.437685 1.062444 -0.550246 68 242 220
1.506788 1.062444 -0.504072 68 242 220
1.569274 1.062444 -0.449274 68 242 220
1.624072 1.062444 -0.386788 68 242 220
1.670246 1.062444 -0.317685 68 242 220
1.707005 1.062444 -0.243145 68 242 220
1.733720 1.062444 -0.164446 68 242 220
1.749934 1.062444 -0.082932 68 242 220
1.795500 1.000000 0.000000 68 242 225
1.789721 1.000000 0.088170 68 242 225
1.772483 1.000000 0.174832 68 242 225
1.744080 1.000000 0.258503 68 242 225
1.705000 1.000000 0.337750 68 242 225
1.655910 1.000000 0.411218 68 242 225
1.597650 1.000000 0.477650 68 242 225
1.531218 1.000000 0.535910 68 242 225
1.457750 1.000000 0.585000 68 242 225
1.378503 1.000000 0.624080 68 242 225
1.294832 1.000000 0.652483 68 242 225
1.208170 1.000000 0.669721 68 242 225
1.120000 1.000000 0.675500 68 242 225
1.031830 1.000000 0.669721 68 242 225
0.945168 1.000000 0.652483 68 242 225
0.861497 1.000000 0.624080 68 242 225
0.782250 1.000000 0.585000 68 242 225
0.708782 1.000000 0.535910 68 242 225
0.642350 1.000000 0.477650 68 242 225
0.584090 1.000000 0.411218 68 242 225
0.535000 1.000000 0.337750 68 242 225
0.495920 1.000000 0.258503 68 242 225
0.467517 1.000000 0.174832 68 242 225
0.450279 1.000000 0.088170 68 242 225
0.444500 1.000000 0.000000 68 242 225
0.450279 1.000000 -0.088170 68 242 225
0.467517 1.000000 -0.174832 68 242 225
0.495920 1.000000 -0.258503 68 242 225
0.535000 1.000000 -0.337750 68 242 225
0.584090 1.000000 -0.411218 68 242 225
0.642350 1.000000 -0.477650 68 242 225
0.708782 1.000000 -0.535910 68 242 225
0.782250 1.000000 -0.585000 68 242 225
0.861497 1.000000 -0.624080 68 242 225
0.945168 1.000000 -0.652483 68 242 225
1.031830 1.000000 -0.669721 68 242 225
1.120000 1.000000 -0.675500 68 242 225
1.208170 1.000000 -0.669721 68 242 225
1.294832 1.000000 -0.652483 68 242 225
1.378503 1.000000 -0.624080 68 242 225
1.457750 1.000000 -0.585000 68 242 225
1.531218 1.000000 -0.535910 68 242 225
1.597650 1.000000 -0.477650 68 242 225
1.655910 1.000000 -0.411218 68 242 225
1.705000 1.000000 -0.337750 68 242 225
1.744080 1.000000 -0.258503 68 242 225
1.772483 1.000000 -0.174832 68 242 225
1.789721 1.000000 -0.088170 68 242 225
1.829513 0.934024 0.000000 68 242 230
1.823443 0.934024 0.092610 68 242 230
1.805337 0.934024 0.183635 68 242 230
1.775504 0.934024 0.271519 68 242 230
1.734456 0.934024 0.354756 68 242 230
1.682894 0.934024 0.431924 68 242 230
1.621701 0.934024 0.501701 68 242 230
1.551924 0.934024 0.562894 68 242 230
1.474756 0.934024 0.614456 68 242 230
1.391519 0.934024 0.655504 68 242 230
1.303635 0.934024 0.685337 68 242 230
1.212610 0.934024 0.703443 68 242 230
1.120000 0.934024 0.709513 68 242 230
1.027390 0.934024 0.703443 68 242 230
0.936365 0.934024 0.685337 68 242 230
0.848481 0.934024 0.655504 68 242 230
0.765244 0.934024 0.614456 68 242 230
0.688076 0.934024 0.562894 68 242 230
0.618299 0.934024 0.501701 68 242 230
0.557106 0.934024 0.431924 68 242 230
0.505544 0.934024 0.354756 68 242 230
0.464496 0.934024 0.271519 68 242 230
0.434663 0.934024 0.183635 68 242 230
0.416557 0.934024 0.092610 68 242 230
0.410487 0.934024 0.000000 68 242 230
0.416557 0.934024 -0.092610 68 242 230
0.434663 0.934024 -0.183635 68 242 230
0.464496 0.934024 -0.271519 68 242 230
0.505544 0.934024 -0.354756 68 242 230
0.557106 0.934024 -0.431924 68 242 230
0.618299 0.934024 -0.501701 68 242 230
0.688076 0.934024 -0.562894 68 242 230
0.765244 0.934024 -0.614456 68 242 230
0.848481 0.934024 -0.655504 68 242 230
0.936365 0.934024 -0.685337 68 242 230
1.027390 0.934024 -0.703443 68 242 230
1.120000 0.934024 -0.709513 68 242 230
1.212610 0.934024 -0.703443 68 242 230
1.303635 0.934024 -0.685337 68 242 230
1.391519 0.934024 -0.655504 68 242 230
1.474756 0.934024 -0.614456 68 242 230
1.551924 0.934024 -0.562894 68 242 230
1.621701 0.934024 -0.501701 68 242 230
1.682894 0.934024 -0.431924 68 242 230
1.734456 0.934024 -0.354756 68 242 230
1.775504 0.934024 -0.271519 68 242 230
1.805337 0.934024 -0.183635 68 242 230
1.823443 0.934024 -0.092610 68 242 230
1.857101 0.865113 0.000000 68 242 235
1.850795 0.865113 0.096211 68 242 235
1.831985 0.865113 0.190776 68 242 235
1.800992 0.865113 0.282076 68 242 235
1.758348 0.865113 0.368550 68 242 235
1.704781 0.865113 0.448718 68 242 235
1.641209 0.865113 0.521209 68 242 235
1.568718 0.865113 0.584781 68 242 235
1.488550 0.865113 0.638348 68 242 235
1.402076 0.865113 0.680992 68 242 235
1.310776 0.865113 0.711985 68 242 235
1.216211 0.865113 0.730795 68 242 235
1.120000 0.865113 0.737101 68 242 235
1.023789 0.865113 0.730795 68 242 235
0.929224 0.865113 0.711985 68 242 235
0.837924 0.865113 0.680992 68 242 235
0.751450 0.865113 0.638348 68 242 235
0.671282 0.865113 0.584781 68 242 235
0.598791 0.865113 0.521209 68 242 235
0.535219 0.865113 0.448718 68 242 235
0.481652 0.865113 0.368550 68 242 235
0.439008 0.865113 0.282076 68 242 235
0.408015 0.865113 0.190776 68 242 235
0.389205 0.865113 0.096211 68 242 235
0.382899 0.865113 0.000000 68 242 235
0.389205 0.865113 -0.096211 68 242 235
0.408015 0.865113 -0.190776 68 242 235
0.439008 0.865113 -0.282076 68 242 235
0.481652 0.865113 -0.368550 68 242 235
0.535219 0.865113 -0.448718 68 242 235
0.598791 0.865113 -0.521209 68 242 235
0.671282 0.865113 -0.584781 68 242 235
0.751450 0.865113 -0.638348 68 242 235
0.837924 0.865113 -0.680992 68 242 235
0.929224 0.865113 -0.711985 68 242 235
1.023789 0.865113 -0.730795 68 242 235
1.120000 0.865113 -0.737101 68 242 235
1.216211 0.865113 -0.730795 68 242 235
1.310776 0.865113 -0.711985 68 242 235
1.402076 0.865113 -0.680992 68 242 235
1.488550 0.865113 -0.638348 68 242 235
1.568718 0.865113 -0.584781 68 242 235
1.641209 0.865113 -0.521209 68 242 235
1.704781 0.865113 -0.448718 68 242 235
1.758348 0.865113 -0.368550 68 242 235
1.800992 0.865113 -0.282076 68 242 235
1.831985 0.865113 -0.190776 68 242 235
1.850795 0.865113 -0.096211 68 242 235
1.878013 0.793892 0.000000 68 242 240
1.871528 0.793892 0.098941 68 242 240
1.852184 0.793892 0.196188 68 242 240
1.820313 0.793892 0.290079 68 242 240
1.776459 0.793892 0.379007 68 242 240
1.721372 0.793892 0.461449 68 242 240
1.655996 0.793892 0.535996 68 242 240
1.581449 0.793892 0.601372 68 242 240
1.499007 0.793892 0.656459 68 242 240
1.410079 0.793892 0.700313 68 242 240
1.316188 0.793892 0.732184 68 242 240
1.218941 0.793892 0.751528 68 242 240
1.120000 0.793892 0.758013 68 242 240
1.021059 0.793892 0.751528 68 242 240
0.923812 0.793892 0.732184 68 242 240
0.829921 0.793892 0.700313 68 242 240
0.740993 0.793892 0.656459 68 242 240
0.658551 0.793892 0.601372 68 242 240
0.584004 0.793892 0.535996 68 242 240
0.518628 0.793892 0.461449 68 242 240
0.463541 0.793892 0.379007 68 242 240
0.419687 0.793892 0.290079 68 242 240
0.387816 0.793892 0.196188 68 242 240
0.368472 0.793892 0.098941 68 242 240
0.361987 0.793892 0.000000 68 242 240
0.368472 0.793892 -0.098941 68 242 240
0.387816 0.793892 -0.196188 68 242 240
0.419687 0.793892 -0.290079 68 242 240
0.463541 0.793892 -0.379007 68 242 240
0.518628 0.793892 -0.461449 68 242 240
0.584004 0.793892 -0.535996 68 242 240
0.658551 0.793892 -0.601372 68 242 240
0.740993 0.793892 -0.656459 68 242 240
0.829921 0.793892 -0.700313 68 242 240
0.923812 0.793892 -0.732184 68 242 240
1.021059 0.793892 -0.751528 68 242 240
1.120000 0.793892 -0.758013 68 242 240
1.218941 0.793892 -0.751528 68 242 240
1.316188 0.793892 -0.732184 68 242 240
1.410079 0.793892 -0.700313 68 242 240
1.499007 0.793892 -0.656459 68 242 240
1.581449 0.793892 -0.601372 68 242 240
1.655996 0.793892 -0.535996 68 242 240
1.721372 0.793892 -0.461449 68 242 240
1.776459 0.793892 -0.379007 68 242 240
1.820313 0.793892 -0.290079 68 242 240
1.852184 0.793892 -0.196188 68 242 240
1.871528 0.793892 -0.098941 68 242 240
1.892061 0.721006 0.000000 68 239 242
1.885456 0.721006 0.100774 68 239 242
1.865753 0.721006 0.199824 68 239 242
1.833291 0.721006 0.295455 68 239 242
1.788624 0.721006 0.386030 68 239 242
1.732517 0.721006 0.470001 68 239 242
1.665929 0.721006 0.545929 68 239 242
1.590001 0.721006 0.612517 68 239 242
1.506030 0.721006 0.668624 68 239 242
1.415455 0.721006 0.713291 68 239 242
1.319824 0.721006 0.745753 68 239 242
1.220774 0.721006 0.765456 68 239 242
1.120000 0.721006 0.772061 68 239 242
1.019226 0.721006 0.765456 68 239 242
0.920176 0.721006 0.745753 68 239 242
0.824545 0.721006 0.713291 68 239 242
0.733970 0.721006 0.668624 68 239 242
0.649999 0.721006 0.612517 68 239 242
0.574071 0.721006 0.545929 68 239 242
0.507483 0.721006 0.470001 68 239 242
0.451376 0.721006 0.386030 68 239 242
0.406709 0.721006 0.295455 68 239 242
0.374247 0.721006 0.199824 68 239 242
0.354544 0.721006 0.100774 68 239 242
0.347939 0.721006 0.000000 68 239 242
0.354544 0.721006 -0.100774 68 239 242
0.374247 0.721006 -0.199824 68 239 242
0.406709 0.721006 -0.295455 68 239 242
0.451376 0.721006 -0.386030 68 239 242
0.507483 0.721006 -0.470001 68 239 242
0.574071 0.721006 -0.545929 68 239 242
0.649999 0.721006 -0.612517 68 239 242
0.733970 0.721006 -0.668624 68 239 242
0.824545 0.721006 -0.713291 68 239 242
0.920176 0.721006 -0.745753 68 239 242
1.019226 0.721006 -0.765456 68 239 242
1.120000 0.721006 -0.772061 68 239 242
1.220774 0.721006 -0.765456 68 239 242
1.319824 0.721006 -0.745753 68 239 242
1.415455 0.721006 -0.713291 68 239 242
1.506030 0.721006 -0.668624 68 239 242
1.590001 0.721006 -0.612517 68 239 242
1.665929 0.721006 -0.545929 68 239 242
1.732517 0.721006 -0.470001 68 239 242
1.788624 0.721006 -0.386030 68 239 242
1.833291 0.721006 -0.295455 68 239 242
1.865753 0.721006 -0.199824 68 239 242
1.885456 0.721006 -0.100774 68 239 242
1.899117 0.647114 0.000000 68 234 242
1.892451 0.647114 0.101695 68 234 242
1.872569 0.647114 0.201650 68 234 242
1.839810 0.647114 0.298155 68 234 242
1.794735 0.647114 0.389558 68 234 242
1.738115 0.647114 0.474296 68 234 242
1.670919 0.647114 0.550919 68 234 242
1.594296 0.647114 0.618115 68 234 242
1.509558 0.647114 0.674735 68 234 242
1.418155 0.647114 0.719810 68 234 242
1.321650 0.647114 0.752569 68 234 242
1.221695 0.647114 0.772451 68 234 242
1.120000 0.647114 0.779117 68 234 242
1.018305 0.647114 0.772451 68 234 242
0.918350 0.647114 0.752569 68 234 242
0.821845 0.647114 0.719810 68 234 242
0.730442 0.647114 0.674735 68 234 242
0.645704 0.647114 0.618115 68 234 242
0.569081 0.647114 0.550919 68 234 242
0.501885 0.647114 0.474296 68 234 242
0.445265 0.647114 0.389558 68 234 242
0.400190 0.647114 0.298155 68 234 242
0.367431 0.647114 0.201650 68 234 242
0.347549 0.647114 0.101695 68 234 242
0.340883 0.647114 0.000000 68 234 242
0.347549 0.647114 -0.101695 68 234 242
0.367431 0.647114 -0.201650 68 234 242
0.400190 0.647114 -0.298155 68 234 242
0.445265 0.647114 -0.389558 68 234 242
0.501885 0.647114 -0.474296 68 234 242
0.569081 0.647114 -0.550919 68 234 242
0.645704 0.647114 -0.618115 68 234 242
0.730442 0.647114 -0.674735 68 234 242
0.821845 0.647114 -0.719810 68 234 242
0.918350 0.647114 -0.752569 68 234 242
1.018305 0.647114 -0.772451 68 234 242
1.120000 0.647114 -0.779117 68 234 242
1.221695 0.647114 -0.772451 68 234 242
1.321650 0.647114 -0.752569 68 234 242
1.418155 0.647114 -0.719810 68 234 242
1.509558 0.647114 -0.674735 68 234 242
1.594296 0.647114 -0.618115 68 234 242
1.670919 0.647114 -0.550919 68 234 242
1.738115 0.647114 -0.474296 68 234 242
1.794735 0.647114 -0.389558 68 234 242
1.839810 0.647114 -0.298155 68 234 242
1.872569 0.647114 -0.201650 68 234 242
1.892451 0.647114 -0.101695 68 234 242
1.899117 0.572886 0.000000 68 229 242
1.892451 0.572886 0.101695 68 229 242
1.872569 0.572886 0.201650 68 229 242
1.839810 0.572886 0.298155 68 229 242
1.794735 0.572886 0.389558 68 229 242
1.738115 0.572886 0.474296 68 229 242
1.670919 0.572886 0.550919 68 229 242
1.594296 0.572886 0.618115 68 229 242
1.509558 0.572886 0.674735 68 229 242
1.418155 0.572886 0.719810 68 229 242
1.321650 0.572886 0.752569 68 229 242
1.221695 0.572886 0.772451 68 229 242
1.120000 0.572886 0.779117 68 229 242
1.018305 0.572886 0.772451 68 229 242
0.918350 0.572886 0.752569 68 229 242
0.821845 0.572886 0.719810 68 229 242
0.730442 0.572886 0.674735 68 229 242
0.645704 0.572886 0.618115 68 229 242
0.569081 0.572886 0.550919 68 229 242
0.501885 0.572886 0.474296 68 229 242
0.445265 0.572886 0.389558 68 229 242
0.400190 0.572886 0.298155 68 229 242
0.367431 0.572886 0.201650 68 229 242
0.347549 0.572886 0.101695 68 229 242
0.340883 0.572886 0.000000 68 229 242
0.347549 0.572886 -0.101695 68 229 242
0.367431 0.572886 -0.201650 68 229 242
0.400190 0.572886 -0.298155 68 229 242
0.445265 0.572886 -0.389558 68 229 242
0.501885 0.572886 -0.474296 68 229 242
0.569081 0.572886 -0.550919 68 229 242
0.645704 0.572886 -0.618115 68 229 242
0.730442 0.572886 -0.674735 68 229 242
0.821845 0.572886 -0.719810 68 229 242
0.918350 0.572886 -0.752569 68 229 242
1.018305 0.572886 -0.772451 68 229 242
1.120000 0.572886 -0.779117 68 229 242
1.221695 0.572886 -0.772451 68 229 242
1.321650 0.572886 -0.752569 68 229 242
1.418155 0.572886 -0.719810 68 229 242
1.509558 0.572886 -0.674735 68 229 242
1.594296 0.572886 -0.618115 68 229 242
1.670919 0.572886 -0.550919 68 229 242
1.738115 0.572886 -0.474296 68 229 242
1.794735 0.572886 -0.389558 68 229 242
1.839810 0.572886 -0.298155 68 229 242
1.872569 0.572886 -0.201650 68 229 242
1.892451 0.572886 -0.101695 68 229 242
1.892061 0.498994 0.000000 68 224 242
1.885456 0.498994 0.100774 68 224 242
1.865753 0.498994 0.199824 68 224 242
1.833291 0.498994 0.295455 68 224 242
1.788624 0.498994 0.386030 68 224 242
1.732517 0.498994 0.470001 68 224 242
1.665929 0.498994 0.545929 68 224 242
1.590001 0.498994 0.612517 68 224 242
1.506030 0.498994 0.668624 68 224 242
1.415455 0.498994 0.713291 68 224 242
1.319824 0.498994 0.745753 68 224 242
1.220774 0.498994 0.765456 68 224 242
1.120000 0.498994 0.772061 68 224 242
1.019226 0.498994 0.765456 68 224 242
0.920176 0.498994 0.745753 68 224 242
0.824545 0.498994 0.713291 68 224 242
0.733970 0.498994 0.668624 68 224 242
0.649999 0.498994 0.612517 68 224 242
0.574071 0.498994 0.545929 68 224 242
0.507483 0.498994 0.470001 68 224 242
0.451376 0.498994 0.386030 68 224 242
0.406709 0.498994 0.295455 68 224 242
0.374247 0.498994 0.199824 68 224 242
0.354544 0.498994 0.100774 68 224 242
0.347939 0.498994 0.000000 68 224 242
0.354544 0.498994 -0.100774 68 224 242
0.374247 0.498994 -0.199824 68 224 242
0.406709 0.498994 -0.295455 68 224 242
0.451376 0.498994 -0.386030 68 224 242
0.507483 0.498994 -0.470001 68 224 242
0.574071 0.498994 -0.545929 68 224 242
0.649999 0.498994 -0.612517 68 224 242
0.733970 0.498994 -0.668624 68 224 242
0.824545 0.498994 -0.713291 68 224 242
0.920176 0.498994 -0.745753 68 224 242
1.019226 0.498994 -0.765456 68 224 242
1.120000 0.498994 -0.772061 68 224 242
1.220774 0.498994 -0.765456 68 224 242
1.319824 0.498994 -0.745753 68 224 242
1.415455 0.498994 -0.713291 68 224 242
1.506030 0.498994 -0.668624 68 224 242
1.590001 0.498994 -0.612517 68 224 242
1.665929 0.498994 -0.545929 68 224 242
1.732517 0.498994 -0.470001 68 224 242
1.788624 0.498994 -0.386030 68 224 242
1.833291 0.498994 -0.295455 68 224 242
1.865753 0.498994 -0.199824 68 224 242
1.885456 0.498994 -0.100774 68 224 242
1.878013 0.426108 0.000000 68 219 242
1.871528 0.426108 0.098941 68 219 242
1.852184 0.426108 0.196188 68 219 242
1.820313 0.426108 0.290079 68 219 242
1.776459 0.426108 0.379007 68 219 242
1.721372 0.426108 0.461449 68 219 242
1.655996 0.426108 0.535996 68 219 242
1.581449 0.426108 0.601372 68 219 242
1.499007 0.426108 0.656459 68 219 242
1.410079 0.426108 0.700313 68 219 242
1.316188 0.426108 0.732184 68 219 242
1.218941 0.426108 0.751528 68 219 242
1.120000 0.426108 0.758013 68 219 242
1.021059 0.426108 0.751528 68 219 242
0.923812 0.426108 0.732184 68 219 242
0.829921 0.426108 0.700313 68 219 242
0.740993 0.426108 0.656459 68 219 242
0.658551 0.426108 0.601372 68 219 242
0.584004 0.426108 0.535996 68 219 242
0.518628 0.426108 0.461449 68 219 242
0.463541 0.426108 0.379007 68 219 242
0.419687 0.426108 0.290079 68 219 242
0.387816 0.426108 0.196188 68 219 242
0.368472 0.426108 0.098941 68 219 242
0.361987 0.426108 0.000000 68 219 242
0.368472 0.426108 -0.098941 68 219 242
0.387816 0.426108 -0.196188 68 219 242
0.419687 0.426108 -0.290079 68 219 242
0.463541 0.426108 -0.379007 68 219 242
0.518628 0.426108 -0.461449 68 219 242
0.584004 0.426108 -0.535996 68 219 242
0.658551 0.426108 -0.601372 68 219 242
0.740993 0.426108 -0.656459 68 219 242
0.829921 0.426108 -0.700313 68 219 242
0.923812 0.426108 -0.732184 68 219 242
1.021059 0.426108 -0.751528 68 219 242
1.120000 0.426108 -0.758013 68 219 242
1.218941 0.426108 -0.751528 68 219 242
1.316188 0.426108 -0.732184 68 219 242
1.410079 0.426108 -0.700313 68 219 242
1.499007 0.426108 -0.656459 68 219 242
1.581449 0.426108 -0.601372 68 219 242
1.655996 0.426108 -0.535996 68 219 242
1.721372 0.426108 -0.461449 68 219 242
1.776459 0.426108 -0.379007 68 219 242
1.820313 0.426108 -0.290079 68 219 242
1.852184 0.426108 -0.196188 68 219 242
1.871528 0.426108 -0.098941 68 219 242
1.857101 0.354887 0.000000 68 214 242
1.850795 0.354887 0.096211 68 214 242
1.831985 0.354887 0.190776 68 214 242
1.800992 0.354887 0.282076 68 214 242
1.758348 0.354887 0.368550 68 214 242
1.704781 0.354887 0.448718 68 214 242
1.641209 0.354887 0.521209 68 214 242
1.568718 0.354887 0.584781 68 214 242
1.488550 0.354887 0.638348 68 214 242
1.402076 0.354887 0.680992 68 214 242
1.310776 0.354887 0.711985 68 214 242
1.216211 0.354887 0.730795 68 214 242
1.120000 0.354887 0.737101 68 214 242
1.023789 0.354887 0.730795 68 214 242
0.929224 0.354887 0.711985 68 214 242
0.837924 0.354887 0.680992 68 214 242
0.751450 0.354887 0.638348 68 214 242
0.671282 0.354887 0.584781 68 214 242
0.598791 0.354887 0.521209 68 214 242
0.535219 0.354887 0.448718 68 214 242
0.481652 0.354887 0.368550 68 214 242
0.439008 0.354887 0.282076 68 214 242
0.408015 0.354887 0.190776 68 214 242
0.389205 0.354887 0.096211 68 214 242
0.382899 0.354887 0.000000 68 214 242
0.389205 0.354887 -0.096211 68 214 242
0.408015 0.354887 -0.190776 68 214 242
0.439008 0.354887 -0.282076 68 214 242
0.481652 0.354887 -0.368550 68 214 242
0.535219 0.354887 -0.448718 68 214 242
0.598791 0.354887 -0.521209 68 214 242
0.671282 0.354887 -0.584781 68 214 242
0.751450 0.354887 -0.638348 68 214 242
0.837924 0.354887 -0.680992 68 214 242
0.929224 0.354887 -0.711985 68 214 242
1.023789 0.354887 -0.730795 68 214 242
1.120000 0.354887 -0.737101 68 214 242
1.216211 0.354887 -0.730795 68 214 242
1.310776 0.354887 -0.711985 68 214 242
1.402076 0.354887 -0.680992 68 214 242
1.488550 0.354887 -0.638348 68 214 242
1.568718 0.354887 -0.584781 68 214 242
1.641209 0.354887 -0.521209 68 214 242
1.704781 0.354887 -0.448718 68 214 242
1.758348 0.354887 -0.368550 68 214 242
1.800992 0.354887 -0.282076 68 214 242
1.831985 0.354887 -0.190776 68 214 242
1.850795 0.354887 -0.096211 68 214 242
1.829513 0.285976 0.000000 68 209 242
1.823443 0.285976 0.092610 68 209 242
1.805337 0.285976 0.183635 68 209 242
1.775504 0.285976 0.271519 68 209 242
1.734456 0.285976 0.354756 68 209 242
1.682894 0.285976 0.431924 68 209 242
1.621701 0.285976 0.501701 68 209 242
1.551924 0.285976 0.562894 68 209 242
1.474756 0.285976 0.614456 68 209 242
1.391519 0.285976 0.655504 68 209 242
1.303635 0.285976 0.685337 68 209 242
1.212610 0.285976 0.703443 68 209 242
1.120000 0.285976 0.709513 68 209 242
1.027390 0.285976 0.703443 68 209 242
0.936365 0.285976 0.685337 68 209 242
0.848481 0.285976 0.655504 68 209 242
0.765244 0.285976 0.614456 68 209 242
0.688076 0.285976 0.562894 68 209 242
0.618299 0.285976 0.501701 68 209 242
0.557106 0.285976 0.431924 68 209 242
0.505544 0.285976 0.354756 68 209 242
0.464496 0.285976 0.271519 68 209 242
0.434663 0.285976 0.183635 68 209 242
0.416557 0.285976 0.092610 68 209 242
0.410487 0.285976 0.000000 68 209 242
0.416557 0.285976 -0.092610 68 209 242
0.434663 0.285976 -0.183635 68 209 242
0.464496 0.285976 -0.271519 68 209 242
0.505544 0.285976 -0.354756 68 209 242
0.557106 0.285976 -0.431924 68 209 242
0.618299 0.285976 -0.501701 68 209 242
0.688076 0.285976 -0.562894 68 209 242
0.765244 0.285976 -0.614456 68 209 242
0.848481 0.285976 -0.655504 68 209 242
0.936365 0.285976 -0.685337 68 209 242
1.027390 0.285976 -0.703443 68 209 242
1.120000 0.285976 -0.709513 68 209 242
1.212610 0.285976 -0.703443 68 209 242
1.303635 0.285976 -0.685337 68 209 242
1.391519 0.285976 -0.655504 68 209 242
1.474756 0.285976 -0.614456 68 209 242
1.551924 0.285976 -0.562894 68 209 242
1.621701 0.285976 -0.501701 68 209 242
1.682894 0.285976 -0.431924 68 209 242
1.734456 0.285976 -0.354756 68 209 242
1.775504 0.285976 -0.271519 68 209 242
1.805337 0.285976 -0.183635 68 209 242
1.823443 0.285976 -0.092610 68 209 242
1.795500 0.220000 0.000000 68 204 242
1.789721 0.220000 0.088170 68 204 242
1.772483 0.220000 0.174832 68 204 242
1.744080 0.220000 0.258503 68 204 242
1.705000 0.220000 0.337750 68 204 242
1.655910 0.220000 0.411218 68 204 242
1.597650 0.220000 0.477650 68 204 242
1.531218 0.220000 0.535910 68 204 242
1.457750 0.220000 0.585000 68 204 242
1.378503 0.220000 0.624080 68 204 242
1.294832 0.220000 0.652483 68 204 242
1.208170 0.220000 0.669721 68 204 242
1.120000 0.220000 0.675500 68 204 242
1.031830 0.220000 0.669721 68 204 242
0.945168 0.220000 0.652483 68 204 242
0.861497 0.220000 0.624080 68 204 242
0.782250 0.220000 0.585000 68 204 242
0.708782 0.220000 0.535910 68 204 242
0.642350 0.220000 0.477650 68 204 242
0.584090 0.220000 0.411218 68 204 242
0.535000 0.220000 0.337750 68 204 242
0.495920 0.220000 0.258503 68 204 242
0.467517 0.220000 0.174832 68 204 242
0.450279 0.220000 0.088170 68 204 242
0.444500 0.220000 0.000000 68 204 242
0.450279 0.220000 -0.088170 68 204 242
0.467517 0.220000 -0.174832 68 204 242
0.495920 0.220000 -0.258503 68 204 242
0.535000 0.220000 -0.337750 68 204 242
0.584090 0.220000 -0.411218 68 204 242
0.642350 0.220000 -0.477650 68 204 242
0.708782 0.220000 -0.535910 68 204 242
0.782250 0.220000 -0.585000 68 204 242
0.861497 0.220000 -0.624080 68 204 242
0.945168 0.220000 -0.652483 68 204 242
1.031830 0.220000 -0.669721 68 204 242
1.120000 0.220000 -0.675500 68 204 242
1.208170 0.220000 -0.669721 68 204 242
1.294832 0.220000 -0.652483 68 204 242
1.378503 0.220000 -0.624080 68 204 242
1.457750 0.220000 -0.585000 68 204 242
1.531218 0.220000 -0.535910 68 204 242
1.597650 0.220000 -0.477650 68 204 242
1.655910 0.220000 -0.411218 68 204 242
1.705000 0.220000 -0.337750 68 204 242
1.744080 0.220000 -0.258503 68 204 242
1.772483 0.220000 -0.174832 68 204 242
1.789721 0.220000 -0.088170 68 204 242
1.755369 0.157556 0.000000 68 199 242
1.749934 0.157556 0.082932 68 199 242
1.733720 0.157556 0.164446 68 199 242
1.707005 0.157556 0.243145 68 199 242
1.670246 0.157556 0.317685 68 199 242
1.624072 0.157556 0.386788 68 199 242
1.569274 0.157556 0.449274 68 199 242
1.506788 0.157556 0.504072 68 199 242
1.437685 0.157556 0.550246 68 199 242
1.363145 0.157556 0.587005 68 199 242
1.284446 0.157556 0.613720 68 199 242
1.202932 0.157556 0.629934 68 199 242
1.120000 0.157556 0.635369 68 199 242
1.037068 0.157556 0.629934 68 199 242
0.955554 0.157556 0.613720 68 199 242
0.876855 0.157556 0.587005 68 199 242
0.802315 0.157556 0.550246 68 199 242
0.733212 0.157556 0.504072 68 199 242
0.670726 0.157556 0.449274 68 199 242
0.615928 0.157556 0.386788 68 199 242
0.569754 0.157556 0.317685 68 199 242
0.532995 0.157556 0.243145 68 199 242
0.506280 0.157556 0.164446 68 199 242
0.490066 0.157556 0.082932 68 199 242
0.484631 0.157556 0.000000 68 199 242
0.490066 0.157556 -0.082932 68 199 242
0.506280 0.157556 -0.164446 68 199 242
0.532995 0.157556 -0.243145 68 199 242
0.569754 0.157556 -0.317685 68 199 242
0.615928 0.157556 -0.386788 68 199 242
0.670726 0.157556 -0.449274 68 199 242
0.733212 0.157556 -0.504072 68 199 242
0.802315 0.157556 -0.550246 68 199 242
0.876855 0.157556 -0.587005 68 199 242
0.955554 0.157556 -0.613720 68 199 242
1.037068 0.157556 -0.629934 68 199 242
1.120000 0.157556 -0.635369 68 199 242
1.202932 0.157556 -0.629934 68 199 242
1.284446 0.157556 -0.613720 68 199 242
1.363145 0.157556 -0.587005 68 199 242
1.437685 0.157556 -0.550246 68 199 242
1.506788 0.157556 -0.504072 68 199 242
1.569274 0.157556 -0.449274 68 199 242
1.624072 0.157556 -0.386788 68 199 242
1.670246 0.157556 -0.317685 68 199 242
1.707005 0.157556 -0.243145 68 199 242
1.733720 0.157556 -0.164446 68 199 242
1.749934 0.157556 -0.082932 68 199 242
1.709485 0.099209 0.000000 68 194 242
1.704442 0.099209 0.076943 68 194 242
1.689398 0.099209 0.152570 68 194 242
1.664613 0.099209 0.225586 68 194 242
1.630509 0.099209 0.294742 68 194 242
1.587670 0.099209 0.358856 68 194 242
1.536829 0.099209 0.416829 68 194 242
1.478856 0.099209 0.467670 68 194 242
1.414742 0.099209 0.510509 68 194 242
1.345586 0.099209 0.544613 68 194 242
1.272570 0.099209 0.569398 68 194 242
1.196943 0.099209 0.584442 68 194 242
1.120000 0.099209 0.589485 68 194 242
1.043057 0.099209 0.584442 68 194 242
0.967430 0.099209 0.569398 68 194 242
0.894414 0.099209 0.544613 68 194 242
0.825258 0.099209 0.510509 68 194 242
0.761144 0.099209 0.467670 68 194 242
0.703171 0.099209 0.416829 68 194 242
0.652330 0.099209 0.358856 68 194 242
0.609491 0.099209 0.294742 68 194 242
0.575387 0.099209 0.225586 68 194 242
0.550602 0.099209 0.152570 68 194 242
0.535558 0.099209 0.076943 68 194 242
0.530515 0.099209 0.000000 68 194 242
0.535558 0.099209 -0.076943 68 194 242
0.550602 0.099209 -0.152570 68 194 242
0.575387 0.099209 -0.225586 68 194 242
0.609491 0.099209 -0.294742 68 194 242
0.652330 0.099209 -0.358856 68 194 242
0.703171 0.099209 -0.416829 68 194 242
0.761144 0.099209 -0.467670 68 194 242
0.825258 0.099209 -0.510509 68 194 242
0.894414 0.099209 -0.544613 68 194 242
0.967430 0.099209 -0.569398 68 194 242
1.043057 0.099209 -0.584442 68 194 242
1.120000 0.099209 -0.589485 68 194 242
1.196943 0.099209 -0.584442 68 194 242
1.272570 0.099209 -0.569398 68 194 242
1.345586 0.099209 -0.544613 68 194 242
1.414742 0.099209 -0.510509 68 194 242
1.478856 0.099209 -0.467670 68 194 242
1.536829 0.099209 -0.416829 68 194 242
1.587670 0.099209 -0.358856 68 194 242
1.630509 0.099209 -0.294742 68 194 242
1.664613 0.099209 -0.225586 68 194 242
1.689398 0.099209 -0.152570 68 194 242
1.704442 0.099209 -0.076943 68 194 242
1.658262 0.045487 0.000000 68 189 242
1.653657 0.045487 0.070257 68 189 242
1.639921 0.045487 0.139312 68 189 242
1.617289 0.045487 0.205984 68 189 242
1.586148 0.045487 0.269131 68 189 242
1.547032 0.045487 0.327673 68 189 242
1.500608 0.045487 0.380608 68 189 242
1.447673 0.045487 0.427032 68 189 242
1.389131 0.045487 0.466148 68 189 242
1.325984 0.045487 0.497289 68 189 242
1.259312 0.045487 0.519921 68 189 242
1.190257 0.045487 0.533657 68 189 242
1.120000 0.045487 0.538262 68 189 242
1.049743 0.045487 0.533657 68 189 242
0.980688 0.045487 0.519921 68 189 242
0.914016 0.045487 0.497289 68 189 242
0.850869 0.045487 0.466148 68 189 242
0.792327 0.045487 0.427032 68 189 242
0.739392 0.045487 0.380608 68 189 242
0.692968 0.045487 0.327673 68 189 242
0.653852 0.045487 0.269131 68 189 242
0.622711 0.045487 0.205984 68 189 242
0.600079 0.045487 0.139312 68 189 242
0.586343 0.045487 0.070257 68 189 242
0.581738 0.045487 0.000000 68 189 242
0.586343 0.045487 -0.070257 68 189 242
0.600079 0.045487 -0.139312 68 189 242
0.622711 0.045487 -0.205984 68 189 242
0.653852 0.045487 -0.269131 68 189 242
0.692968 0.045487 -0.327673 68 189 242
0.739392 0.045487 -0.380608 68 189 242
0.792327 0.045487 -0.427032 68 189 242
0.850869 0.045487 -0.466148 68 189 242
0.914016 0.045487 -0.497289 68 189 242
0.980688 0.045487 -0.519921 68 189 242
1.049743 0.045487 -0.533657 68 189 242
1.120000 0.045487 -0.538262 68 189 242
1.190257 0.045487 -0.533657 68 189 242
1.259312 0.045487 -0.519921 68 189 242
1.325984 0.045487 -0.497289 68 189 242
1.389131 0.045487 -0.466148 68 189 242
1.447673 0.045487 -0.427032 68 189 242
1.500608 0.045487 -0.380608 68 189 242
1.547032 0.045487 -0.327673 68 189 242
1.586148 0.045487 -0.269131 68 189 242
1.617289 0.045487 -0.205984 68 189 242
1.639921 0.045487 -0.139312 68 189 242
1.653657 0.045487 -0.070257 68 189 242
1.602164 -0.003121 0.000000 68 184 242
1.598039 -0.003121 0.062935 68 184 242
1.585735 -0.003121 0.124793 68 184 242
1.565461 -0.003121 0.184516 68 184 242
1.537566 -0.003121 0.241082 68 184 242
1.502526 -0.003121 0.293523 68 184 242
1.460941 -0.003121 0.340941 68 184 242
1.413523 -0.003121 0.382526 68 184 242
1.361082 -0.003121 0.417566 68 184 242
1.304516 -0.003121 0.445461 68 184 242
1.244793 -0.003121 0.465735 68 184 242
1.182935 -0.003121 0.478039 68 184 242
1.120000 -0.003121 0.482164 68 184 242
1.057065 -0.003121 0.478039 68 184 242
0.995207 -0.003121 0.465735 68 184 242
0.935484 -0.003121 0.445461 68 184 242
0.878918 -0.003121 0.417566 68 184 242
0.826477 -0.003121 0.382526 68 184 242
0.779059 -0.003121 0.340941 68 184 242
0.737474 -0.003121 0.293523 68 184 242
0.702434 -0.003121 0.241082 68 184 242
0.674539 -0.003121 0.184516 68 184 242
0.654265 -0.003121 0.124793 68 184 242
0.641961 -0.003121 0.062935 68 184 242
0.637836 -0.003121 0.000000 68 184 242
0.641961 -0.003121 -0.062935 68 184 242
0.654265 -0.003121 -0.124793 68 184 242
0.674539 -0.003121 -0.184516 68 184 242
0.702434 -0.003121 -0.241082 68 184 242
0.737474 -0.003121 -0.293523 68 184 242
0.779059 -0.003121 -0.340941 68 184 242
0.826477 -0.003121 -0.382526 68 184 242
0.878918 -0.003121 -0.417566 68 184 242
0.935484 -0.003121 -0.445461 68 184 242
0.995207 -0.003121 -0.465735 68 184 242
1.057065 -0.003121 -0.478039 68 184 242
1.120000 -0.003121 -0.482164 68 184 242
1.182935 -0.003121 -0.478039 68 184 242
1.244793 -0.003121 -0.465735 68 184 242
1.304516 -0.003121 -0.445461 68 184 242
1.361082 -0.003121 -0.417566 68 184 242
1.413523 -0.003121 -0.382526 68 184 242
1.460941 -0.003121 -0.340941 68 184 242
1.502526 -0.003121 -0.293523 68 184 242
1.537566 -0.003121 -0.241082 68 184 242
1.565461 -0.003121 -0.184516 68 184 242
1.585735 -0.003121 -0.124793 68 184 242
1.598039 -0.003121 -0.062935 68 184 242
1.541700 -0.046178 0.000000 68 179 242
1.538092 -0.046178 0.055043 68 179 242
1.527331 -0.046178 0.109144 68 179 242
1.509600 -0.046178 0.161378 68 179 242
1.485203 -0.046178 0.210850 68 179 242
1.454557 -0.046178 0.256715 68 179 242
1.418187 -0.046178 0.298187 68 179 242
1.376715 -0.046178 0.334557 68 179 242
1.330850 -0.046178 0.365203 68 179 242
1.281378 -0.046178 0.389600 68 179 242
1.229144 -0.046178 0.407331 68 179 242
1.175043 -0.046178 0.418092 68 179 242
1.120000 -0.046178 0.421700 68 179 242
1.064957 -0.046178 0.418092 68 179 242
1.010856 -0.046178 0.407331 68 179 242
0.958622 -0.046178 0.389600 68 179 242
0.909150 -0.046178 0.365203 68 179 242
0.863285 -0.046178 0.334557 68 179 242
0.821813 -0.046178 0.298187 68 179 242
0.785443 -0.046178 0.256715 68 179 242
0.754797 -0.046178 0.210850 68 179 242
0.730400 -0.046178 0.161378 68 179 242
0.712669 -0.046178 0.109144 68 179 242
0.701908 -0.046178 0.055043 68 179 242
0.698300 -0.046178 0.000000 68 179 242
0.701908 -0.046178 -0.055043 68 179 242
0.712669 -0.046178 -0.109144 68 179 242
0.730400 -0.046178 -0.161378 68 179 242
0.754797 -0.046178 -0.210850 68 179 242
0.785443 -0.046178 -0.256715 68 179 242
0.821813 -0.046178 -0.298187 68 179 242
0.863285 -0.046178 -0.334557 68 179 242
0.909150 -0.046178 -0.365203 68 179 242
0.958622 -0.046178 -0.389600 68 179 242
1.010856 -0.046178 -0.407331 68 179 242
1.064957 -0.046178 -0.418092 68 179 242
1.120000 -0.046178 -0.421700 68 179 242
1.175043 -0.046178 -0.418092 68 179 242
1.229144 -0.046178 -0.407331 68 179 242
1.281378 -0.046178 -0.389600 68 179 242
1.330850 -0.046178 -0.365203 68 179 242
1.376715 -0.046178 -0.334557 68 179 242
1.418187 -0.046178 -0.298187 68 179 242
1.454557 -0.046178 -0.256715 68 179 242
1.485203 -0.046178 -0.210850 68 179 242
1.509600 -0.046178 -0.161378 68 179 242
1.527331 -0.046178 -0.109144 68 179 242
1.538092 -0.046178 -0.055043 68 179 242
1.477417 -0.083292 0.000000 68 173 242
1.474359 -0.083292 0.046652 68 173 242
1.465238 -0.083292 0.092506 68 173 242
1.450210 -0.083292 0.136777 68 173 242
1.429532 -0.083292 0.178708 68 173 242
1.403558 -0.083292 0.217581 68 173 242
1.372732 -0.083292 0.252732 68 173 242
1.337581 -0.083292 0.283558 68 173 242
1.298708 -0.083292 0.309532 68 173 242
1.256777 -0.083292 0.330210 68 173 242
1.212506 -0.083292 0.345238 68 173 242
1.166652 -0.083292 0.354359 68 173 242
1.120000 -0.083292 0.357417 68 173 242
1.073348 -0.083292 0.354359 68 173 242
1.027494 -0.083292 0.345238 68 173 242
0.983223 -0.083292 0.330210 68 173 242
0.941292 -0.083292 0.309532 68 173 242
0.902419 -0.083292 0.283558 68 173 242
0.867268 -0.083292 0.252732 68 173 242
0.836442 -0.083292 0.217581 68 173 242
0.810468 -0.083292 0.178708 68 173 242
0.789790 -0.083292 0.136777 68 173 242
0.774762 -0.083292 0.092506 68 173 242
0.765641 -0.083292 0.046652 68 173 242
0.762583 -0.083292 0.000000 68 173 242
0.765641 -0.083292 -0.046652 68 173 242
0.774762 -0.083292 -0.092506 68 173 242
0.789790 -0.083292 -0.136777 68 173 242
0.810468 -0.083292 -0.178708 68 173 242
0.836442 -0.083292 -0.217581 68 173 242
0.867268 -0.083292 -0.252732 68 173 242
0.902419 -0.083292 -0.283558 68 173 242
0.941292 -0.083292 -0.309532 68 173 242
0.983223 -0.083292 -0.330210 68 173 242
1.027494 -0.083292 -0.345238 68 173 242
1.073348 -0.083292 -0.354359 68 173 242
1.120000 -0.083292 -0.357417 68 173 242
1.166652 -0.083292 -0.354359 68 173 242
1.212506 -0.083292 -0.345238 68 173 242
1.256777 -0.083292 -0.330210 68 173 242
1.298708 -0.083292 -0.309532 68 173 242
1.337581 -0.083292 -0.283558 68 173 242
1.372732 -0.083292 -0.252732 68 173 242
1.403558 -0.083292 -0.217581 68 173 242
1.429532 -0.083292 -0.178708 68 173 242
1.450210 -0.083292 -0.136777 68 173 242
1.465238 -0.083292 -0.092506 68 173 242
1.474359 -0.083292 -0.046652 68 173 242
1.409897 -0.114127 0.000000 68 168 242
1.407417 -0.114127 0.037839 68 168 242
1.400019 -0.114127 0.075031 68 168 242
1.387830 -0.114127 0.110939 68 168 242
1.371058 -0.114127 0.144948 68 168 242
1.349991 -0.114127 0.176478 68 168 242
1.324988 -0.114127 0.204988 68 168 242
1.296478 -0.114127 0.229991 68 168 242
1.264948 -0.114127 0.251058 68 168 242
1.230939 -0.114127 0.267830 68 168 242
1.195031 -0.114127 0.280019 68 168 242
1.157839 -0.114127 0.287417 68 168 242
1.120000 -0.114127 0.289897 68 168 242
1.082161 -0.114127 0.287417 68 168 242
1.044969 -0.114127 0.280019 68 168 242
1.009061 -0.114127 0.267830 68 168 242
0.975052 -0.114127 0.251058 68 168 242
0.943522 -0.114127 0.229991 68 168 242
0.915012 -0.114127 0.204988 68 168 242
0.890009 -0.114127 0.176478 68 168 242
0.868942 -0.114127 0.144948 68 168 242
0.852170 -0.114127 0.110939 68 168 242
0.839981 -0.114127 0.075031 68 168 242
0.832583 -0.114127 0.037839 68 168 242
0.830103 -0.114127 0.000000 68 168 242
0.832583 -0.114127 -0.037839 68 168 242
0.839981 -0.114127 -0.075031 68 168 242
0.852170 -0.114127 -0.110939 68 168 242
0.868942 -0.114127 -0.144948 68 168 242
0.890009 -0.114127 -0.176478 68 168 242
0.915012 -0.114127 -0.204988 68 168 242
0.943522 -0.114127 -0.229991 68 168 242
0.975052 -0.114127 -0.251058 68 168 242
1.009061 -0.114127 -0.267830 68 168 242
1.044969 -0.114127 -0.280019 68 168 242
1.082161 -0.114127 -0.287417 68 168 242
1.120000 -0.114127 -0.289897 68 168 242
1.157839 -0.114127 -0.287417 68 168 242
1.195031 -0.114127 -0.280019 68 168 242
1.230939 -0.114127 -0.267830 68 168 242
1.264948 -0.114127 -0.251058 68 168 242
1.296478 -0.114127 -0.229991 68 168 242
1.324988 -0.114127 -0.204988 68 168 242
1.349991 -0.114127 -0.176478 68 168 242
1.371058 -0.114127 -0.144948 68 168 242
1.387830 -0.114127 -0.110939 68 168 242
1.400019 -0.114127 -0.075031 68 168 242
1.407417 -0.114127 -0.037839 68 168 242
1.339751 -0.138405 0.000000 68 163 242
1.337871 -0.138405 0.028683 68 163 242
1.332264 -0.138405 0.056876 68 163 242
1.323024 -0.138405 0.084095 68 163 242
1.310310 -0.138405 0.109876 68 163 242
1.294341 -0.138405 0.133776 68 163 242
1.275388 -0.138405 0.155388 68 163 242
1.253776 -0.138405 0.174341 68 163 242
1.229876 -0.138405 0.190310 68 163 242
1.204095 -0.138405 0.203024 68 163 242
1.176876 -0.138405 0.212264 68 163 242
1.148683 -0.138405 0.217871 68 163 242
1.120000 -0.138405 0.219751 68 163 242
1.091317 -0.138405 0.217871 68 163 242
1.063124 -0.138405 0.212264 68 163 242
1.035905 -0.138405 0.203024 68 163 242
1.010124 -0.138405 0.190310 68 163 242
0.986224 -0.138405 0.174341 68 163 242
0.964612 -0.138405 0.155388 68 163 242
0.945659 -0.138405 0.133776 68 163 242
0.929690 -0.138405 0.109876 68 163 242
0.916976 -0.138405 0.084095 68 163 242
0.907736 -0.138405 0.056876 68 163 242
0.902129 -0.138405 0.028683 68 163 242
0.900249 -0.138405 0.000000 68 163 242
0.902129 -0.138405 -0.028683 68 163 242
0.907736 -0.138405 -0.056876 68 163 242
0.916976 -0.138405 -0.084095 68 163 242
0.929690 -0.138405 -0.109876 68 163 242
0.945659 -0.138405 -0.133776 68 163 242
0.964612 -0.138405 -0.155388 68 163 242
0.986224 -0.138405 -0.174341 68 163 242
1.010124 -0.138405 -0.190310 68 163 242
1.035905 -0.138405 -0.203024 68 163 242
1.063124 -0.138405 -0.212264 68 163 242
1.091317 -0.138405 -0.217871 68 163 242
1.120000 -0.138405 -0.219751 68 163 242
1.148683 -0.138405 -0.217871 68 163 242
1.176876 -0.138405 -0.212264 68 163 242
1.204095 -0.138405 -0.203024 68 163 242
1.229876 -0.138405 -0.190310 68 163 242
1.253776 -0.138405 -0.174341 68 163 242
1.275388 -0.138405 -0.155388 68 163 242
1.294341 -0.138405 -0.133776 68 163 242
1.310310 -0.138405 -0.109876 68 163 242
1.323024 -0.138405 -0.084095 68 163 242
1.332264 -0.138405 -0.056876 68 163 242
1.337871 -0.138405 -0.028683 68 163 242
1.267616 -0.155904 0.000000 68 158 242
1.266353 -0.155904 0.019268 68 158 242
1.262586 -0.155904 0.038206 68 158 242
1.256379 -0.155904 0.056490 68 158 242
1.247839 -0.155904 0.073808 68 158 242
1.237112 -0.155904 0.089863 68 158 242
1.224380 -0.155904 0.104380 68 158 242
1.209863 -0.155904 0.117112 68 158 242
1.193808 -0.155904 0.127839 68 158 242
1.176490 -0.155904 0.136379 68 158 242
1.158206 -0.155904 0.142586 68 158 242
1.139268 -0.155904 0.146353 68 158 242
1.120000 -0.155904 0.147616 68 158 242
1.100732 -0.155904 0.146353 68 158 242
1.081794 -0.155904 0.142586 68 158 242
1.063510 -0.155904 0.136379 68 158 242
1.046192 -0.155904 0.127839 68 158 242
1.030137 -0.155904 0.117112 68 158 242
1.015620 -0.155904 0.104380 68 158 242
1.002888 -0.155904 0.089863 68 158 242
0.992161 -0.155904 0.073808 68 158 242
0.983621 -0.155904 0.056490 68 158 242
0.977414 -0.155904 0.038206 68 158 242
0.973647 -0.155904 0.019268 68 158 242
0.972384 -0.155904 0.000000 68 158 242
0.973647 -0.155904 -0.019268 68 158 242
0.977414 -0.155904 -0.038206 68 158 242
0.983621 -0.155904 -0.056490 68 158 242
0.992161 -0.155904 -0.073808 68 158 242
1.002888 -0.155904 -0.089863 68 158 242
1.015620 -0.155904 -0.104380 68 158 242
1.030137 -0.155904 -0.117112 68 158 242
1.046192 -0.155904 -0.127839 68 158 242
1.063510 -0.155904 -0.136379 68 158 242
1.081794 -0.155904 -0.142586 68 158 242
1.100732 -0.155904 -0.146353 68 158 242
1.120000 -0.155904 -0.147616 68 158 242
1.139268 -0.155904 -0.146353 68 158 242
1.158206 -0.155904 -0.142586 68 158 242
1.176490 -0.155904 -0.136379 68 158 242
1.193808 -0.155904 -0.127839 68 158 242
1.209863 -0.155904 -0.117112 68 158 242
1.224380 -0.155904 -0.104380 68 158 242
1.237112 -0.155904 -0.089863 68 158 242
1.247839 -0.155904 -0.073808 68 158 242
1.256379 -0.155904 -0.056490 68 158 242
1.262586 -0.155904 -0.038206 68 158 242
1.266353 -0.155904 -0.019268 68 158 242
1.194144 -0.166468 0.000000 68 153 242
1.193509 -0.166468 0.009678 68 153 242
1.191617 -0.166468 0.019190 68 153 242
1.188500 -0.166468 0.028374 68 153 242
1.184210 -0.166468 0.037072 68 153 242
1.178822 -0.166468 0.045136 68 153 242
1.172428 -0.166468 0.052428 68 153 242
1.165136 -0.166468 0.058822 68 153 242
1.157072 -0.166468 0.064210 68 153 242
1.148374 -0.166468 0.068500 68 153 242
1.139190 -0.166468 0.071617 68 153 242
1.129678 -0.166468 0.073509 68 153 242
1.120000 -0.166468 0.074144 68 153 242
1.110322 -0.166468 0.073509 68 153 242
1.100810 -0.166468 0.071617 68 153 242
1.091626 -0.166468 0.068500 68 153 242
1.082928 -0.166468 0.064210 68 153 242
1.074864 -0.166468 0.058822 68 153 242
1.067572 -0.166468 0.052428 68 153 242
1.061178 -0.166468 0.045136 68 153 242
1.055790 -0.166468 0.037072 68 153 242
1.051500 -0.166468 0.028374 68 153 242
1.048383 -0.166468 0.019190 68 153 242
1.046491 -0.166468 0.009678 68 153 242
1.045856 -0.166468 0.000000 68 153 242
1.046491 -0.166468 -0.009678 68 153 242
1.048383 -0.166468 -0.019190 68 153 242
1.051500 -0.166468 -0.028374 68 153 242
1.055790 -0.166468 -0.037072 68 153 242
1.061178 -0.166468 -0.045136 68 153 242
1.067572 -0.166468 -0.052428 68 153 242
1.074864 -0.166468 -0.058822 68 153 242
1.082928 -0.166468 -0.064210 68 153 242
1.091626 -0.166468 -0.068500 68 153 242
1.100810 -0.166468 -0.071617 68 153 242
1.110322 -0.166468 -0.073509 68 153 242
1.120000 -0.166468 -0.074144 68 153 242
1.129678 -0.166468 -0.073509 68 153 242
1.139190 -0.166468 -0.071617 68 153 242
1.148374 -0.166468 -0.068500 68 153 242
1.157072 -0.166468 -0.064210 68 153 242
1.165136 -0.166468 -0.058822 68 153 242
1.172428 -0.166468 -0.052428 68 153 242
1.178822 -0.166468 -0.045136 68 153 242
1.184210 -0.166468 -0.037072 68 153 242
1.188500 -0.166468 -0.028374 68 153 242
1.191617 -0.166468 -0.019190 68 153 242
1.193509 -0.166468 -0.009678 68 153 242
-2.600000 -0.385457 -1.800000 83 126 166
-2.600000 -0.389461 -1.710000 83 124 166
-2.600000 -0.391543 -1.620000 83 122 166
-2.600000 -0.391636 -1.530000 83 120 166
-2.600000 -0.389738 -1.440000 83 118 166
-2.600000 -0.385909 -1.350000 83 116 166
-2.600000 -0.380274 -1.260000 83 114 166
-2.600000 -0.373015 -1.170000 83 112 166
-2.600000 -0.364365 -1.080000 83 110 166
-2.600000 -0.354606 -0.990000 83 108 166
-2.600000 -0.344051 -0.900000 83 106 166
-2.600000 -0.333042 -0.810000 83 104 166
-2.600000 -0.321934 -0.720000 83 102 166
-2.600000 -0.311088 -0.630000 83 100 166
-2.600000 -0.300852 -0.540000 83 98 166
-2.600000 -0.291559 -0.450000 83 96 166
-2.600000 -0.283507 -0.360000 83 94 166
-2.600000 -0.276958 -0.270000 83 92 166
-2.600000 -0.272122 -0.180000 83 90 166
-2.600000 -0.269157 -0.090000 83 88 166
-2.600000 -0.268158 0.000000 83 86 166
-2.600000 -0.269157 0.090000 83 84 166
-2.600000 -0.272122 0.180000 84 83 166
-2.600000 -0.276958 0.270000 86 83 166
-2.600000 -0.283507 0.360000 88 83 166
-2.600000 -0.291559 0.450000 90 83 166
-2.600000 -0.300852 0.540000 91 83 166
-2.600000 -0.311088 0.630000 93 83 166
-2.600000 -0.321934 0.720000 95 83 166
-2.600000 -0.333042 0.810000 97 83 166
-2.600000 -0.344051 0.900000 99 83 166
-2.600000 -0.354606 0.990000 101 83 166
-2.600000 -0.364365 1.080000 103 83 166
-2.600000 -0.373015 1.170000 105 83 166
-2.600000 -0.380274 1.260000 107 83 166
-2.600000 -0.385909 1.350000 109 83 166
-2.600000 -0.389738 1.440000 111 83 166
-2.600000 -0.391636 1.530000 113 83 166
-2.600000 -0.391543 1.620000 115 83 166
-2.600000 -0.389461 1.710000 117 83 166
-2.600000 -0.385457 1.800000 119 83 166
-2.481818 -0.390802 -1.800000 83 126 166
-2.481818 -0.395191 -1.710000 83 124 166
-2.481818 -0.397474 -1.620000 83 122 166
-2.481818 -0.397577 -1.530000 83 120 166
-2.481818 -0.395496 -1.440000 83 118 166
-2.481818 -0.391298 -1.350000 83 116 166
-2.481818 -0.385120 -1.260000 83 114 166
-2.481818 -0.377161 -1.170000 83 112 166
-2.481818 -0.367678 -1.080000 83 110 166
-2.481818 -0.356977 -0.990000 83 108 166
-2.481818 -0.345405 -0.900000 83 106 166
-2.481818 -0.333335 -0.810000 83 104 166
-2.481818 -0.321157 -0.720000 83 102 166
-2.481818 -0.309265 -0.630000 83 100 166
-2.481818 -0.298043 -0.540000 83 98 166
-2.481818 -0.287853 -0.450000 83 96 166
-2.481818 -0.279026 -0.360000 83 94 166
-2.481818 -0.271845 -0.270000 83 92 166
-2.481818 -0.266544 -0.180000 83 90 166
-2.481818 -0.263293 -0.090000 83 88 166
-2.481818 -0.262198 0.000000 83 86 166
-2.481818 -0.263293 0.090000 83 84 166
-2.481818 -0.266544 0.180000 84 83 166
-2.481818 -0.271845 0.270000 86 83 166
-2.481818 -0.279026 0.360000 88 83 166
-2.481818 -0.287853 0.450000 90 83 166
-2.481818 -0.298043 0.540000 91 83 166
-2.481818 -0.309265 0.630000 93 83 166
-2.481818 -0.321157 0.720000 95 83 166
-2.481818 -0.333335 0.810000 97 83 166
-2.481818 -0.345405 0.900000 99 83 166
-2.481818 -0.356977 0.990000 101 83 166
-2.481818 -0.367678 1.080000 103 83 166
-2.481818 -0.377161 1.170000 105 83 166
-2.481818 -0.385120 1.260000 107 83 166
-2.481818 -0.391298 1.350000 109 83 166
-2.481818 -0.395496 1.440000 111 83 166
-2.481818 -0.397577 1.530000 113 83 166
-2.481818 -0.397474 1.620000 115 83 166
-2.481818 -0.395191 1.710000 117 83 166
-2.481818 -0.390802 1.800000 119 83 166
-2.363636 -0.392766 -1.800000 83 126 166
-2.363636 -0.397297 -1.710000 83 124 166
-2.363636 -0.399654 -1.620000 83 122 166
-2.363636 -0.399759 -1.530000 83 120 166
-2.363636 -0.397611 -1.440000 83 118 166
-2.363636 -0.393278 -1.350000 83 116 166
-2.363636 -0.386900 -1.260000 83 114 166
-2.363636 -0.378684 -1.170000 83 112 166
-2.363636 -0.368895 -1.080000 83 110 166
-2.363636 -0.357848 -0.990000 83 108 166
-2.363636 -0.345902 -0.900000 83 106 166
-2.363636 -0.333442 -0.810000 83 104 166
-2.363636 -0.320871 -0.720000 83 102 166
-2.363636 -0.308595 -0.630000 83 100 166
-2.363636 -0.297011 -0.540000 83 98 166
-2.363636 -0.286492 -0.450000 83 96 166
-2.363636 -0.277379 -0.360000 83 94 166
-2.363636 -0.269967 -0.270000 83 92 166
-2.363636 -0.264494 -0.180000 83 90 166
-2.363636 -0.261139 -0.090000 83 88 166
-2.363636 -0.260008 0.000000 83 86 166
-2.363636 -0.261139 0.090000 83 84 166
-2.363636 -0.264494 0.180000 84 83 166
-2.363636 -0.269967 0.270000 86 83 166
-2.363636 -0.277379 0.360000 88 83 166
-2.363636 -0.286492 0.450000 90 83 166
-2.363636 -0.297011 0.540000 91 83 166
-2.363636 -0.308595 0.630000 93 83 166
-2.363636 -0.320871 0.720000 95 83 166
-2.363636 -0.333442 0.810000 97 83 166
-2.363636 -0.345902 0.900000 99 83 166
-2.363636 -0.357848 0.990000 101 83 166
-2.363636 -0.368895 1.080000 103 83 166
-2.363636 -0.378684 1.170000 105 83 166
-2.363636 -0.386900 1.260000 107 83 166
-2.363636 -0.393278 1.350000 109 83 166
-2.363636 -0.397611 1.440000 111 83 166
-2.363636 -0.399759 1.530000 113 83 166
-2.363636 -0.399654 1.620000 115 83 166
-2.363636 -0.397297 1.710000 117 83 166
-2.363636 -0.392766 1.800000 119 83 166
-2.245455 -0.391240 -1.800000 83 126 166
-2.245455 -0.395661 -1.710000 83 124 166
-2.245455 -0.397960 -1.620000 83 122 166
-2.245455 -0.398063 -1.530000 83 120 166
-2.245455 -0.395967 -1.440000 83 118 166
-2.245455 -0.391739 -1.350000 83 116 166
-2.245455 -0.385517 -1.260000 83 114 166
-2.245455 -0.377500 -1.170000 83 112 166
-2.245455 -0.367949 -1.080000 83 110 166
-2.245455 -0.357171 -0.990000 83 108 166
-2.245455 -0.345516 -0.900000 83 106 166
-2.245455 -0.333359 -0.810000 83 104 166
-2.245455 -0.321093 -0.720000 83 102 166
-2.245455 -0.309116 -0.630000 83 100 166
-2.245455 -0.297813 -0.540000 83 98 166
-2.245455 -0.287550 -0.450000 83 96 166
-2.245455 -0.278659 -0.360000 83 94 166
-2.245455 -0.271427 -0.270000 83 92 166
-2.245455 -0.266087 -0.180000 83 90 166
-2.245455 -0.262813 -0.090000 83 88 166
-2.245455 -0.261710 0.000000 83 86 166
-2.245455 -0.262813 0.090000 83 84 166
-2.245455 -0.266087 0.180000 84 83 166
-2.245455 -0.271427 0.270000 86 83 166
-2.245455 -0.278659 0.360000 88 83 166
-2.245455 -0.287550 0.450000 90 83 166
-2.245455 -0.297813 0.540000 91 83 166
-2.245455 -0.309116 0.630000 93 83 166
-2.245455 -0.321093 0.720000 95 83 166
-2.245455 -0.333359 0.810000 97 83 166
-2.245455 -0.345516 0.900000 99 83 166
-2.245455 -0.357171 0.990000 101 83 166
-2.245455 -0.367949 1.080000 103 83 166
-2.245455 -0.377500 1.170000 105 83 166
-2.245455 -0.385517 1.260000 107 83 166
-2.245455 -0.391739 1.350000 109 83 166
-2.245455 -0.395967 1.440000 111 83 166
-2.245455 -0.398063 1.530000 113 83 166
-2.245455 -0.397960 1.620000 115 83 166
-2.245455 -0.395661 1.710000 117 83 166
-2.245455 -0.391240 1.800000 119 83 166
-2.127273 -0.386308 -1.800000 83 126 166
-2.127273 -0.390373 -1.710000 83 124 166
-2.127273 -0.392487 -1.620000 83 122 166
-2.127273 -0.392582 -1.530000 83 120 166
-2.127273 -0.390654 -1.440000 83 118 166
-2.127273 -0.386767 -1.350000 83 116 166
-2.127273 -0.381046 -1.260000 83 114 166
-2.127273 -0.373675 -1.170000 83 112 166
-2.127273 -0.364893 -1.080000 83 110 166
-2.127273 -0.354983 -0.990000 83 108 166
-2.127273 -0.344266 -0.900000 83 106 166
-2.127273 -0.333088 -0.810000 83 104 166
-2.127273 -0.321811 -0.720000 83 102 166
-2.127273 -0.310798 -0.630000 83 100 166
-2.127273 -0.300405 -0.540000 83 98 166
-2.127273 -0.290969 -0.450000 83 96 166
-2.127273 -0.282794 -0.360000 83 94 166
-2.127273 -0.276144 -0.270000 83 92 166
-2.127273 -0.271235 -0.180000 83 90 166
-2.127273 -0.268224 -0.090000 83 88 166
-2.127273 -0.267209 0.000000 83 86 166
-2.127273 -0.268224 0.090000 83 84 166
-2.127273 -0.271235 0.180000 84 83 166
-2.127273 -0.276144 0.270000 86 83 166
-2.127273 -0.282794 0.360000 88 83 166
-2.127273 -0.290969 0.450000 90 83 166
-2.127273 -0.300405 0.540000 91 83 166
-2.127273 -0.310798 0.630000 93 83 166
-2.127273 -0.321811 0.720000 95 83 166
-2.127273 -0.333088 0.810000 97 83 166
-2.127273 -0.344266 0.900000 99 83 166
-2.127273 -0.354983 0.990000 101 83 166
-2.127273 -0.364893 1.080000 103 83 166
-2.127273 -0.373675 1.170000 105 83 166
-2.127273 -0.381046 1.260000 107 83 166
-2.127273 -0.386767 1.350000 109 83 166
-2.127273 -0.390654 1.440000 111 83 166
-2.127273 -0.392582 1.530000 113 83 166
-2.127273 -0.392487 1.620000 115 83 166
-2.127273 -0.390373 1.710000 117 83 166
-2.127273 -0.386308 1.800000 119 83 166
-2.009091 -0.378245 -1.800000 83 126 166
-2.009091 -0.381728 -1.710000 83 124 166
-2.009091 -0.383539 -1.620000 83 122 166
-2.009091 -0.383620 -1.530000 83 120 166
-2.009091 -0.381969 -1.440000 83 118 166
-2.009091 -0.378638 -1.350000 83 116 166
-2.009091 -0.373736 -1.260000 83 114 166
-2.009091 -0.367421 -1.170000 83 112 166
-2.009091 -0.359896 -1.080000 83 110 166
-2.009091 -0.351406 -0.990000 83 108 166
-2.009091 -0.342223 -0.900000 83 106 166
-2.009091 -0.332646 -0.810000 83 104 166
-2.009091 -0.322983 -0.720000 83 102 166
-2.009091 -0.313547 -0.630000 83 100 166
-2.009091 -0.304643 -0.540000 83 98 166
-2.009091 -0.296558 -0.450000 83 96 166
-2.009091 -0.289553 -0.360000 83 94 166
-2.009091 -0.283856 -0.270000 83 92 166
-2.009091 -0.279649 -0.180000 83 90 166
-2.009091 -0.277070 -0.090000 83 88 166
-2.009091 -0.276201 0.000000 83 86 166
-2.009091 -0.277070 0.090000 83 84 166
-2.009091 -0.279649 0.180000 84 83 166
-2.009091 -0.283856 0.270000 86 83 166
-2.009091 -0.289553 0.360000 88 83 166
-2.009091 -0.296558 0.450000 90 83 166
-2.009091 -0.304643 0.540000 91 83 166
-2.009091 -0.313547 0.630000 93 83 166
-2.009091 -0.322983 0.720000 95 83 166
-2.009091 -0.332646 0.810000 97 83 166
-2.009091 -0.342223 0.900000 99 83 166
-2.009091 -0.351406 0.990000 101 83 166
-2.009091 -0.359896 1.080000 103 83 166
-2.009091 -0.367421 1.170000 105 83 166
-2.009091 -0.373736 1.260000 107 83 166
-2.009091 -0.378638 1.350000 109 83 166
-2.009091 -0.381969 1.440000 111 83 166
-2.009091 -0.383620 1.530000 113 83 166
-2.009091 -0.383539 1.620000 115 83 166
-2.009091 -0.381728 1.710000 117 83 166
-2.009091 -0.378245 1.800000 119 83 166
-1.890909 -0.367499 -1.800000 83 126 166
-1.890909 -0.370206 -1.710000 83 124 166
-1.890909 -0.371614 -1.620000 83 122 166
-1.890909 -0.371677 -1.530000 83 120 166
-1.890909 -0.370394 -1.440000 83 118 166
-1.890909 -0.367805 -1.350000 83 116 166
-1.890909 -0.363995 -1.260000 83 114 166
-1.890909 -0.359086 -1.170000 83 112 166
-1.890909 -0.353237 -1.080000 83 110 166
-1.890909 -0.346638 -0.990000 83 108 166
-1.890909 -0.339501 -0.900000 83 106 166
-1.890909 -0.332057 -0.810000 83 104 166
-1.890909 -0.324546 -0.720000 83 102 166
-1.890909 -0.317212 -0.630000 83 100 166
-1.890909 -0.310291 -0.540000 83 98 166
-1.890909 -0.304007 -0.450000 83 96 166
-1.890909 -0.298562 -0.360000 83 94 166
-1.890909 -0.294134 -0.270000 83 92 166
-1.890909 -0.290864 -0.180000 83 90 166
-1.890909 -0.288859 -0.090000 83 88 166
-1.890909 -0.288184 0.000000 83 86 166
-1.890909 -0.288859 0.090000 83 84 166
-1.890909 -0.290864 0.180000 84 83 166
-1.890909 -0.294134 0.270000 86 83 166
-1.890909 -0.298562 0.360000 88 83 166
-1.890909 -0.304007 0.450000 90 83 166
-1.890909 -0.310291 0.540000 91 83 166
-1.890909 -0.317212 0.630000 93 83 166
-1.890909 -0.324546 0.720000 95 83 166
-1.890909 -0.332057 0.810000 97 83 166
-1.890909 -0.339501 0.900000 99 83 166
-1.890909 -0.346638 0.990000 101 83 166
-1.890909 -0.353237 1.080000 103 83 166
-1.890909 -0.359086 1.170000 105 83 166
-1.890909 -0.363995 1.260000 107 83 166
-1.890909 -0.367805 1.350000 109 83 166
-1.890909 -0.370394 1.440000 111 83 166
-1.890909 -0.371677 1.530000 113 83 166
-1.890909 -0.371614 1.620000 115 83 166
-1.890909 -0.370206 1.710000 117 83 166
-1.890909 -0.367499 1.800000 119 83 166
-1.772727 -0.354668 -1.800000 83 126 166
-1.772727 -0.356449 -1.710000 83 124 166
-1.772727 -0.357375 -1.620000 83 122 166
-1.772727 -0.357417 -1.530000 83 120 166
-1.772727 -0.356572 -1.440000 83 118 166
-1.772727 -0.354869 -1.350000 83 116 166
-1.772727 -0.352363 -1.260000 83 114 166
-1.772727 -0.349134 -1.170000 83 112 166
-1.772727 -0.345286 -1.080000 83 110 166
-1.772727 -0.340945 -0.990000 83 108 166
-1.772727 -0.336250 -0.900000 83 106 166
-1.772727 -0.331353 -0.810000 83 104 166
-1.772727 -0.326412 -0.720000 83 102 166
-1.772727 -0.321588 -0.630000 83 100 166
-1.772727 -0.317035 -0.540000 83 98 166
-1.772727 -0.312901 -0.450000 83 96 166
-1.772727 -0.309319 -0.360000 83 94 166
-1.772727 -0.306406 -0.270000 83 92 166
-1.772727 -0.304255 -0.180000 83 90 166
-1.772727 -0.302936 -0.090000 83 88 166
-1.772727 -0.302492 0.000000 83 86 166
-1.772727 -0.302936 0.090000 83 84 166
-1.772727 -0.304255 0.180000 84 83 166
-1.772727 -0.306406 0.270000 86 83 166
-1.772727 -0.309319 0.360000 88 83 166
-1.772727 -0.312901 0.450000 90 83 166
-1.772727 -0.317035 0.540000 91 83 166
-1.772727 -0.321588 0.630000 93 83 166
-1.772727 -0.326412 0.720000 95 83 166
-1.772727 -0.331353 0.810000 97 83 166
-1.772727 -0.336250 0.900000 99 83 166
-1.772727 -0.340945 0.990000 101 83 166
-1.772727 -0.345286 1.080000 103 83 166
-1.772727 -0.349134 1.170000 105 83 166
-1.772727 -0.352363 1.260000 107 83 166
-1.772727 -0.354869 1.350000 109 83 166
-1.772727 -0.356572 1.440000 111 83 166
-1.772727 -0.357417 1.530000 113 83 166
-1.772727 -0.357375 1.620000 115 83 166
-1.772727 -0.356449 1.710000 117 83 166
-1.772727 -0.354668 1.800000 119 83 166
-1.654545 -0.340465 -1.800000 83 126 166
-1.654545 -0.341221 -1.710000 83 124 166
-1.654545 -0.341614 -1.620000 83 122 166
-1.654545 -0.341631 -1.530000 83 120 166
-1.654545 -0.341273 -1.440000 83 118 166
-1.654545 -0.340551 -1.350000 83 116 166
-1.654545 -0.339487 -1.260000 83 114 166
-1.654545 -0.338117 -1.170000 83 112 166
-1.654545 -0.336485 -1.080000 83 110 166
-1.654545 -0.334643 -0.990000 83 108 166
-1.654545 -0.332651 -0.900000 83 106 166
-1.654545 -0.330574 -0.810000 83 104 166
-1.654545 -0.328478 -0.720000 83 102 166
-1.654545 -0.326431 -0.630000 83 100 166
-1.654545 -0.324500 -0.540000 83 98 166
-1.654545 -0.322746 -0.450000 83 96 166
-1.654545 -0.321226 -0.360000 83 94 166
-1.654545 -0.319990 -0.270000 83 92 166
-1.654545 -0.319078 -0.180000 83 90 166
-1.654545 -0.318518 -0.090000 83 88 166
-1.654545 -0.318330 0.000000 83 86 166
-1.654545 -0.318518 0.090000 83 84 166
-1.654545 -0.319078 0.180000 84 83 166
-1.654545 -0.319990 0.270000 86 83 166
-1.654545 -0.321226 0.360000 88 83 166
-1.654545 -0.322746 0.450000 90 83 166
-1.654545 -0.324500 0.540000 91 83 166
-1.654545 -0.326431 0.630000 93 83 166
-1.654545 -0.328478 0.720000 95 83 166
-1.654545 -0.330574 0.810000 97 83 166
-1.654545 -0.332651 0.900000 99 83 166
-1.654545 -0.334643 0.990000 101 83 166
-1.654545 -0.336485 1.080000 103 83 166
-1.654545 -0.338117 1.170000 105 83 166
-1.654545 -0.339487 1.260000 107 83 166
-1.654545 -0.340551 1.350000 109 83 166
-1.654545 -0.341273 1.440000 111 83 166
-1.654545 -0.341631 1.530000 113 83 166
-1.654545 -0.341614 1.620000 115 83 166
-1.654545 -0.341221 1.710000 117 83 166
-1.654545 -0.340465 1.800000 119 83 166
-1.536364 -0.325681 -1.800000 83 126 166
-1.536364 -0.325369 -1.710000 83 124 166
-1.536364 -0.325207 -1.620000 83 122 166
-1.536364 -0.325199 -1.530000 83 120 166
-1.536364 -0.325347 -1.440000 83 118 166
-1.536364 -0.325645 -1.350000 83 116 166
-1.536364 -0.326084 -1.260000 83 114 166
-1.536364 -0.326650 -1.170000 83 112 166
-1.536364 -0.327323 -1.080000 83 110 166
-1.536364 -0.328084 -0.990000 83 108 166
-1.536364 -0.328906 -0.900000 83 106 166
-1.536364 -0.329763 -0.810000 83 104 166
-1.536364 -0.330628 -0.720000 83 102 166
-1.536364 -0.331473 -0.630000 83 100 166
-1.536364 -0.332270 -0.540000 83 98 166
-1.536364 -0.332994 -0.450000 83 96 166
-1.536364 -0.333621 -0.360000 83 94 166
-1.536364 -0.334131 -0.270000 83 92 166
-1.536364 -0.334508 -0.180000 83 90 166
-1.536364 -0.334739 -0.090000 83 88 166
-1.536364 -0.334817 0.000000 83 86 166
-1.536364 -0.334739 0.090000 83 84 166
-1.536364 -0.334508 0.180000 84 83 166
-1.536364 -0.334131 0.270000 86 83 166
-1.536364 -0.333621 0.360000 88 83 166
-1.536364 -0.332994 0.450000 90 83 166
-1.536364 -0.332270 0.540000 91 83 166
-1.536364 -0.331473 0.630000 93 83 166
-1.536364 -0.330628 0.720000 95 83 166
-1.536364 -0.329763 0.810000 97 83 166
-1.536364 -0.328906 0.900000 99 83 166
-1.536364 -0.328084 0.990000 101 83 166
-1.536364 -0.327323 1.080000 103 83 166
-1.536364 -0.326650 1.170000 105 83 166
-1.536364 -0.326084 1.260000 107 83 166
-1.536364 -0.325645 1.350000 109 83 166
-1.536364 -0.325347 1.440000 111 83 166
-1.536364 -0.325199 1.530000 113 83 166
-1.536364 -0.325207 1.620000 115 83 166
-1.536364 -0.325369 1.710000 117 83 166
-1.536364 -0.325681 1.800000 119 83 166
-1.418182 -0.311136 -1.800000 83 126 166
-1.418182 -0.309774 -1.710000 83 124 166
-1.418182 -0.309066 -1.620000 83 122 166
-1.418182 -0.309034 -1.530000 83 120 166
-1.418182 -0.309680 -1.440000 83 118 166
-1.418182 -0.310982 -1.350000 83 116 166
-1.418182 -0.312899 -1.260000 83 114 166
-1.418182 -0.315368 -1.170000 83 112 166
-1.418182 -0.318310 -1.080000 83 110 166
-1.418182 -0.321630 -0.990000 83 108 166
-1.418182 -0.325221 -0.900000 83 106 166
-1.418182 -0.328965 -0.810000 83 104 166
-1.418182 -0.332744 -0.720000 83 102 166
-1.418182 -0.336433 -0.630000 83 100 166
-1.418182 -0.339915 -0.540000 83 98 166
-1.418182 -0.343076 -0.450000 83 96 166
-1.418182 -0.345815 -0.360000 83 94 166
-1.418182 -0.348043 -0.270000 83 92 166
-1.418182 -0.349687 -0.180000 83 90 166
-1.418182 -0.350696 -0.090000 83 88 166
-1.418182 -0.351036 0.000000 83 86 166
-1.418182 -0.350696 0.090000 83 84 166
-1.418182 -0.349687 0.180000 84 83 166
-1.418182 -0.348043 0.270000 86 83 166
-1.418182 -0.345815 0.360000 88 83 166
-1.418182 -0.343076 0.450000 90 83 166
-1.418182 -0.339915 0.540000 91 83 166
-1.418182 -0.336433 0.630000 93 83 166
-1.418182 -0.332744 0.720000 95 83 166
-1.418182 -0.328965 0.810000 97 83 166
-1.418182 -0.325221 0.900000 99 83 166
-1.418182 -0.321630 0.990000 101 83 166
-1.418182 -0.318310 1.080000 103 83 166
-1.418182 -0.315368 1.170000 105 83 166
-1.418182 -0.312899 1.260000 107 83 166
-1.418182 -0.310982 1.350000 109 83 166
-1.418182 -0.309680 1.440000 111 83 166
-1.418182 -0.309034 1.530000 113 83 166
-1.418182 -0.309066 1.620000 115 83 166
-1.418182 -0.309774 1.710000 117 83 166
-1.418182 -0.311136 1.800000 119 83 166
-1.300000 -0.297640 -1.800000 83 126 166
-1.300000 -0.295304 -1.710000 83 124 166
-1.300000 -0.294089 -1.620000 83 122 166
-1.300000 -0.294035 -1.530000 83 120 166
-1.300000 -0.295143 -1.440000 83 118 166
-1.300000 -0.297376 -1.350000 83 116 166
-1.300000 -0.300665 -1.260000 83 114 166
-1.300000 -0.304901 -1.170000 83 112 166
-1.300000 -0.309948 -1.080000 83 110 166
-1.300000 -0.315643 -0.990000 83 108 166
-1.300000 -0.321801 -0.900000 83 106 166
-1.300000 -0.328225 -0.810000 83 104 166
-1.300000 -0.334706 -0.720000 83 102 166
-1.300000 -0.341035 -0.630000 83 100 166
-1.300000 -0.347008 -0.540000 83 98 166
-1.300000 -0.352431 -0.450000 83 96 166
-1.300000 -0.357129 -0.360000 83 94 166
-1.300000 -0.360951 -0.270000 83 92 166
-1.300000 -0.363772 -0.180000 83 90 166
-1.300000 -0.365502 -0.090000 83 88 166
-1.300000 -0.366085 0.000000 83 86 166
-1.300000 -0.365502 0.090000 83 84 166
-1.300000 -0.363772 0.180000 84 83 166
-1.300000 -0.360951 0.270000 86 83 166
-1.300000 -0.357129 0.360000 88 83 166
-1.300000 -0.352431 0.450000 90 83 166
-1.300000 -0.347008 0.540000 91 83 166
-1.300000 -0.341035 0.630000 93 83 166
-1.300000 -0.334706 0.720000 95 83 166
-1.300000 -0.328225 0.810000 97 83 166
-1.300000 -0.321801 0.900000 99 83 166
-1.300000 -0.315643 0.990000 101 83 166
-1.300000 -0.309948 1.080000 103 83 166
-1.300000 -0.304901 1.170000 105 83 166
-1.300000 -0.300665 1.260000 107 83 166
-1.300000 -0.297376 1.350000 109 83 166
-1.300000 -0.295143 1.440000 111 83 166
-1.300000 -0.294035 1.530000 113 83 166
-1.300000 -0.294089 1.620000 115 83 166
-1.300000 -0.295304 1.710000 117 83 166
-1.300000 -0.297640 1.800000 119 83 166
-1.181818 -0.285944 -1.800000 83 126 166
-1.181818 -0.282764 -1.710000 83 124 166
-1.181818 -0.281110 -1.620000 83 122 166
-1.181818 -0.281036 -1.530000 83 120 166
-1.181818 -0.282544 -1.440000 83 118 166
-1.181818 -0.285585 -1.350000 83 116 166
-1.181818 -0.290061 -1.260000 83 114 166
-1.181818 -0.295829 -1.170000 83 112 166
-1.181818 -0.302700 -1.080000 83 110 166
-1.181818 -0.310453 -0.990000 83 108 166
-1.181818 -0.318838 -0.900000 83 106 166
-1.181818 -0.327584 -0.810000 83 104 166
-1.181818 -0.336407 -0.720000 83 102 166
-1.181818 -0.345024 -0.630000 83 100 166
-1.181818 -0.353155 -0.540000 83 98 166
-1.181818 -0.360538 -0.450000 83 96 166
-1.181818 -0.366935 -0.360000 83 94 166
-1.181818 -0.372137 -0.270000 83 92 166
-1.181818 -0.375979 -0.180000 83 90 166
-1.181818 -0.378334 -0.090000 83 88 166
-1.181818 -0.379128 0.000000 83 86 166
-1.181818 -0.378334 0.090000 83 84 166
-1.181818 -0.375979 0.180000 84 83 166
-1.181818 -0.372137 0.270000 86 83 166
-1.181818 -0.366935 0.360000 88 83 166
-1.181818 -0.360538 0.450000 90 83 166
-1.181818 -0.353155 0.540000 91 83 166
-1.181818 -0.345024 0.630000 93 83 166
-1.181818 -0.336407 0.720000 95 83 166
-1.181818 -0.327584 0.810000 97 83 166
-1.181818 -0.318838 0.900000 99 83 166
-1.181818 -0.310453 0.990000 101 83 166
-1.181818 -0.302700 1.080000 103 83 166
-1.181818 -0.295829 1.170000 105 83 166
-1.181818 -0.290061 1.260000 107 83 166
-1.181818 -0.285585 1.350000 109 83 166
-1.181818 -0.282544 1.440000 111 83 166
-1.181818 -0.281036 1.530000 113 83 166
-1.181818 -0.281110 1.620000 115 83 166
-1.181818 -0.282764 1.710000 117 83 166
-1.181818 -0.285944 1.800000 119 83 166
-1.063636 -0.276698 -1.800000 83 126 166
-1.063636 -0.272850 -1.710000 83 124 166
-1.063636 -0.270849 -1.620000 83 122 166
-1.063636 -0.270759 -1.530000 83 120 166
-1.063636 -0.272584 -1.440000 83 118 166
-1.063636 -0.276263 -1.350000 83 116 166
-1.063636 -0.281679 -1.260000 83 114 166
-1.063636 -0.288657 -1.170000 83 112 166
-1.063636 -0.296970 -1.080000 83 110 166
-1.063636 -0.306351 -0.990000 83 108 166
-1.063636 -0.316495 -0.900000 83 106 166
-1.063636 -0.327077 -0.810000 83 104 166
-1.063636 -0.337752 -0.720000 83 102 166
-1.063636 -0.348177 -0.630000 83 100 166
-1.063636 -0.358015 -0.540000 83 98 166
-1.063636 -0.366948 -0.450000 83 96 166
-1.063636 -0.374686 -0.360000 83 94 166
-1.063636 -0.380981 -0.270000 83 92 166
-1.063636 -0.385628 -0.180000 83 90 166
-1.063636 -0.388478 -0.090000 83 88 166
-1.063636 -0.389439 0.000000 83 86 166
-1.063636 -0.388478 0.090000 83 84 166
-1.063636 -0.385628 0.180000 84 83 166
-1.063636 -0.380981 0.270000 86 83 166
-1.063636 -0.374686 0.360000 88 83 166
-1.063636 -0.366948 0.450000 90 83 166
-1.063636 -0.358015 0.540000 91 83 166
-1.063636 -0.348177 0.630000 93 83 166
-1.063636 -0.337752 0.720000 95 83 166
-1.063636 -0.327077 0.810000 97 83 166
-1.063636 -0.316495 0.900000 99 83 166
-1.063636 -0.306351 0.990000 101 83 166
-1.063636 -0.296970 1.080000 103 83 166
-1.063636 -0.288657 1.170000 105 83 166
-1.063636 -0.281679 1.260000 107 83 166
-1.063636 -0.276263 1.350000 109 83 166
-1.063636 -0.272584 1.440000 111 83 166
-1.063636 -0.270759 1.530000 113 83 166
-1.063636 -0.270849 1.620000 115 83 166
-1.063636 -0.272850 1.710000 117 83 166
-1.063636 -0.276698 1.800000 119 83 166
-0.945455 -0.270416 -1.800000 83 126 166
-0.945455 -0.266114 -1.710000 83 124 166
-0.945455 -0.263877 -1.620000 83 122 166
-0.945455 -0.263777 -1.530000 83 120 166
-0.945455 -0.265816 -1.440000 83 118 166
-0.945455 -0.269930 -1.350000 83 116 166
-0.945455 -0.275984 -1.260000 83 114 166
-0.945455 -0.283784 -1.170000 83 112 166
-0.945455 -0.293077 -1.080000 83 110 166
-0.945455 -0.303563 -0.990000 83 108 166
-0.945455 -0.314904 -0.900000 83 106 166
-0.945455 -0.326732 -0.810000 83 104 166
-0.945455 -0.338666 -0.720000 83 102 166
-0.945455 -0.350320 -0.630000 83 100 166
-0.945455 -0.361317 -0.540000 83 98 166
-0.945455 -0.371302 -0.450000 83 96 166
-0.945455 -0.379953 -0.360000 83 94 166
-0.945455 -0.386990 -0.270000 83 92 166
-0.945455 -0.392185 -0.180000 83 90 166
-0.945455 -0.395371 -0.090000 83 88 166
-0.945455 -0.396444 0.000000 83 86 166
-0.945455 -0.395371 0.090000 83 84 166
-0.945455 -0.392185 0.180000 84 83 166
-0.945455 -0.386990 0.270000 86 83 166
-0.945455 -0.379953 0.360000 88 83 166
-0.945455 -0.371302 0.450000 90 83 166
-0.945455 -0.361317 0.540000 91 83 166
-0.945455 -0.350320 0.630000 93 83 166
-0.945455 -0.338666 0.720000 95 83 166
-0.945455 -0.326732 0.810000 97 83 166
-0.945455 -0.314904 0.900000 99 83 166
-0.945455 -0.303563 0.990000 101 83 166
-0.945455 -0.293077 1.080000 103 83 166
-0.945455 -0.283784 1.170000 105 83 166
-0.945455 -0.275984 1.260000 107 83 166
-0.945455 -0.269930 1.350000 109 83 166
-0.945455 -0.265816 1.440000 111 83 166
-0.945455 -0.263777 1.530000 113 83 166
-0.945455 -0.263877 1.620000 115 83 166
-0.945455 -0.266114 1.710000 117 83 166
-0.945455 -0.270416 1.800000 119 83 166
-0.827273 -0.267447 -1.800000 83 126 166
-0.827273 -0.262931 -1.710000 83 124 166
-0.827273 -0.260583 -1.620000 83 122 166
-0.827273 -0.260477 -1.530000 83 120 166
-0.827273 -0.262618 -1.440000 83 118 166
-0.827273 -0.266937 -1.350000 83 116 166
-0.827273 -0.273293 -1.260000 83 114 166
-0.827273 -0.281481 -1.170000 83 112 166
-0.827273 -0.291237 -1.080000 83 110 166
-0.827273 -0.302246 -0.990000 83 108 166
-0.827273 -0.314152 -0.900000 83 106 166
-0.827273 -0.326569 -0.810000 83 104 166
-0.827273 -0.339098 -0.720000 83 102 166
-0.827273 -0.351332 -0.630000 83 100 166
-0.827273 -0.362877 -0.540000 83 98 166
-0.827273 -0.373360 -0.450000 83 96 166
-0.827273 -0.382442 -0.360000 83 94 166
-0.827273 -0.389829 -0.270000 83 92 166
-0.827273 -0.395283 -0.180000 83 90 166
-0.827273 -0.398628 -0.090000 83 88 166
-0.827273 -0.399755 0.000000 83 86 166
-0.827273 -0.398628 0.090000 83 84 166
-0.827273 -0.395283 0.180000 84 83 166
-0.827273 -0.389829 0.270000 86 83 166
-0.827273 -0.382442 0.360000 88 83 166
-0.827273 -0.373360 0.450000 90 83 166
-0.827273 -0.362877 0.540000 91 83 166
-0.827273 -0.351332 0.630000 93 83 166
-0.827273 -0.339098 0.720000 95 83 166
-0.827273 -0.326569 0.810000 97 83 166
-0.827273 -0.314152 0.900000 99 83 166
-0.827273 -0.302246 0.990000 101 83 166
-0.827273 -0.291237 1.080000 103 83 166
-0.827273 -0.281481 1.170000 105 83 166
-0.827273 -0.273293 1.260000 107 83 166
-0.827273 -0.266937 1.350000 109 83 166
-0.827273 -0.262618 1.440000 111 83 166
-0.827273 -0.260477 1.530000 113 83 166
-0.827273 -0.260583 1.620000 115 83 166
-0.827273 -0.262931 1.710000 117 83 166
-0.827273 -0.267447 1.800000 119 83 166
-0.709091 -0.267957 -1.800000 83 126 166
-0.709091 -0.263478 -1.710000 83 124 166
-0.709091 -0.261148 -1.620000 83 122 166
-0.709091 -0.261044 -1.530000 83 120 166
-0.709091 -0.263167 -1.440000 83 118 166
-0.709091 -0.267451 -1.350000 83 116 166
-0.709091 -0.273755 -1.260000 83 114 166
-0.709091 -0.281876 -1.170000 83 112 166
-0.709091 -0.291553 -1.080000 83 110 166
-0.709091 -0.302472 -0.990000 83 108 166
-0.709091 -0.314281 -0.900000 83 106 166
-0.709091 -0.326597 -0.810000 83 104 166
-0.709091 -0.339024 -0.720000 83 102 166
-0.709091 -0.351158 -0.630000 83 100 166
-0.709091 -0.362610 -0.540000 83 98 166
-0.709091 -0.373007 -0.450000 83 96 166
-0.709091 -0.382015 -0.360000 83 94 166
-0.709091 -0.389342 -0.270000 83 92 166
-0.709091 -0.394751 -0.180000 83 90 166
-0.709091 -0.398069 -0.090000 83 88 166
-0.709091 -0.399186 0.000000 83 86 166
-0.709091 -0.398069 0.090000 83 84 166
-0.709091 -0.394751 0.180000 84 83 166
-0.709091 -0.389342 0.270000 86 83 166
-0.709091 -0.382015 0.360000 88 83 166
-0.709091 -0.373007 0.450000 90 83 166
-0.709091 -0.362610 0.540000 91 83 166
-0.709091 -0.351158 0.630000 93 83 166
-0.709091 -0.339024 0.720000 95 83 166
-0.709091 -0.326597 0.810000 97 83 166
-0.709091 -0.314281 0.900000 99 83 166
-0.709091 -0.302472 0.990000 101 83 166
-0.709091 -0.291553 1.080000 103 83 166
-0.709091 -0.281876 1.170000 105 83 166
-0.709091 -0.273755 1.260000 107 83 166
-0.709091 -0.267451 1.350000 109 83 166
-0.709091 -0.263167 1.440000 111 83 166
-0.709091 -0.261044 1.530000 113 83 166
-0.709091 -0.261148 1.620000 115 83 166
-0.709091 -0.263478 1.710000 117 83 166
-0.709091 -0.267957 1.800000 119 83 166
-0.590909 -0.271916 -1.800000 83 126 166
-0.590909 -0.267723 -1.710000 83 124 166
-0.590909 -0.265543 -1.620000 83 122 166
-0.590909 -0.265445 -1.530000 83 120 166
-0.590909 -0.267433 -1.440000 83 118 166
-0.590909 -0.271443 -1.350000 83 116 166
-0.590909 -0.277344 -1.260000 83 114 166
-0.590909 -0.284948 -1.170000 83 112 166
-0.590909 -0.294007 -1.080000 83 110 166
-0.590909 -0.304229 -0.990000 83 108 166
-0.590909 -0.315284 -0.900000 83 106 166
-0.590909 -0.326814 -0.810000 83 104 166
-0.590909 -0.338448 -0.720000 83 102 166
-0.590909 -0.349808 -0.630000 83 100 166
-0.590909 -0.360528 -0.540000 83 98 166
-0.590909 -0.370262 -0.450000 83 96 166
-0.590909 -0.378695 -0.360000 83 94 166
-0.590909 -0.385554 -0.270000 83 92 166
-0.590909 -0.390619 -0.180000 83 90 166
-0.590909 -0.393724 -0.090000 83 88 166
-0.590909 -0.394771 0.000000 83 86 166
-0.590909 -0.393724 0.090000 83 84 166
-0.590909 -0.390619 0.180000 84 83 166
-0.590909 -0.385554 0.270000 86 83 166
-0.590909 -0.378695 0.360000 88 83 166
-0.590909 -0.370262 0.450000 90 83 166
-0.590909 -0.360528 0.540000 91 83 166
-0.590909 -0.349808 0.630000 93 83 166
-0.590909 -0.338448 0.720000 95 83 166
-0.590909 -0.326814 0.810000 97 83 166
-0.590909 -0.315284 0.900000 99 83 166
-0.590909 -0.304229 0.990000 101 83 166
-0.590909 -0.294007 1.080000 103 83 166
-0.590909 -0.284948 1.170000 105 83 166
-0.590909 -0.277344 1.260000 107 83 166
-0.590909 -0.271443 1.350000 109 83 166
-0.590909 -0.267433 1.440000 111 83 166
-0.590909 -0.265445 1.530000 113 83 166
-0.590909 -0.265543 1.620000 115 83 166
-0.590909 -0.267723 1.710000 117 83 166
-0.590909 -0.271916 1.800000 119 83 166
-0.472727 -0.279106 -1.800000 83 126 166
-0.472727 -0.275432 -1.710000 83 124 166
-0.472727 -0.273521 -1.620000 83 122 166
-0.472727 -0.273435 -1.530000 83 120 166
-0.472727 -0.275177 -1.440000 83 118 166
-0.472727 -0.278691 -1.350000 83 116 166
-0.472727 -0.283862 -1.260000 83 114 166
-0.472727 -0.290524 -1.170000 83 112 166
-0.472727 -0.298462 -1.080000 83 110 166
-0.472727 -0.307419 -0.990000 83 108 166
-0.472727 -0.317106 -0.900000 83 106 166
-0.472727 -0.327209 -0.810000 83 104 166
-0.472727 -0.337402 -0.720000 83 102 166
-0.472727 -0.347356 -0.630000 83 100 166
-0.472727 -0.356749 -0.540000 83 98 166
-0.472727 -0.365278 -0.450000 83 96 166
-0.472727 -0.372668 -0.360000 83 94 166
-0.472727 -0.378678 -0.270000 83 92 166
-0.472727 -0.383115 -0.180000 83 90 166
-0.472727 -0.385836 -0.090000 83 88 166
-0.472727 -0.386753 0.000000 83 86 166
-0.472727 -0.385836 0.090000 83 84 166
-0.472727 -0.383115 0.180000 84 83 166
-0.472727 -0.378678 0.270000 86 83 166
-0.472727 -0.372668 0.360000 88 83 166
-0.472727 -0.365278 0.450000 90 83 166
-0.472727 -0.356749 0.540000 91 83 166
-0.472727 -0.347356 0.630000 93 83 166
-0.472727 -0.337402 0.720000 95 83 166
-0.472727 -0.327209 0.810000 97 83 166
-0.472727 -0.317106 0.900000 99 83 166
-0.472727 -0.307419 0.990000 101 83 166
-0.472727 -0.298462 1.080000 103 83 166
-0.472727 -0.290524 1.170000 105 83 166
-0.472727 -0.283862 1.260000 107 83 166
-0.472727 -0.278691 1.350000 109 83 166
-0.472727 -0.275177 1.440000 111 83 166
-0.472727 -0.273435 1.530000 113 83 166
-0.472727 -0.273521 1.620000 115 83 166
-0.472727 -0.275432 1.710000 117 83 166
-0.472727 -0.279106 1.800000 119 83 166
-0.354545 -0.289126 -1.800000 83 126 166
-0.354545 -0.286175 -1.710000 83 124 166
-0.354545 -0.284640 -1.620000 83 122 166
-0.354545 -0.284572 -1.530000 83 120 166
-0.354545 -0.285971 -1.440000 83 118 166
-0.354545 -0.288792 -1.350000 83 116 166
-0.354545 -0.292946 -1.260000 83 114 166
-0.354545 -0.298296 -1.170000 83 112 166
-0.354545 -0.304671 -1.080000 83 110 166
-0.354545 -0.311865 -0.990000 83 108 166
-0.354545 -0.319644 -0.900000 83 106 166
-0.354545 -0.327758 -0.810000 83 104 166
-0.354545 -0.335945 -0.720000 83 102 166
-0.354545 -0.343939 -0.630000 83 100 166
-0.354545 -0.351483 -0.540000 83 98 166
-0.354545 -0.358333 -0.450000 83 96 166
-0.354545 -0.364267 -0.360000 83 94 166
-0.354545 -0.369094 -0.270000 83 92 166
-0.354545 -0.372658 -0.180000 83 90 166
-0.354545 -0.374844 -0.090000 83 88 166
-0.354545 -0.375580 0.000000 83 86 166
-0.354545 -0.374844 0.090000 83 84 166
-0.354545 -0.372658 0.180000 84 83 166
-0.354545 -0.369094 0.270000 86 83 166
-0.354545 -0.364267 0.360000 88 83 166
-0.354545 -0.358333 0.450000 90 83 166
-0.354545 -0.351483 0.540000 91 83 166
-0.354545 -0.343939 0.630000 93 83 166
-0.354545 -0.335945 0.720000 95 83 166
-0.354545 -0.327758 0.810000 97 83 166
-0.354545 -0.319644 0.900000 99 83 166
-0.354545 -0.311865 0.990000 101 83 166
-0.354545 -0.304671 1.080000 103 83 166
-0.354545 -0.298296 1.170000 105 83 166
-0.354545 -0.292946 1.260000 107 83 166
-0.354545 -0.288792 1.350000 109 83 166
-0.354545 -0.285971 1.440000 111 83 166
-0.354545 -0.284572 1.530000 113 83 166
-0.354545 -0.284640 1.620000 115 83 166
-0.354545 -0.286175 1.710000 117 83 166
-0.354545 -0.289126 1.800000 119 83 166
-0.236364 -0.301418 -1.800000 83 126 166
-0.236364 -0.299355 -1.710000 83 124 166
-0.236364 -0.298282 -1.620000 83 122 166
-0.236364 -0.298234 -1.530000 83 120 166
-0.236364 -0.299212 -1.440000 83 118 166
-0.236364 -0.301185 -1.350000 83 116 166
-0.236364 -0.304089 -1.260000 83 114 166
-0.236364 -0.307831 -1.170000 83 112 166
-0.236364 -0.312289 -1.080000 83 110 166
-0.236364 -0.317319 -0.990000 83 108 166
-0.236364 -0.322759 -0.900000 83 106 166
-0.236364 -0.328432 -0.810000 83 104 166
-0.236364 -0.334157 -0.720000 83 102 166
-0.236364 -0.339747 -0.630000 83 100 166
-0.236364 -0.345022 -0.540000 83 98 166
-0.236364 -0.349812 -0.450000 83 96 166
-0.236364 -0.353962 -0.360000 83 94 166
-0.236364 -0.357337 -0.270000 83 92 166
-0.236364 -0.359829 -0.180000 83 90 166
-0.236364 -0.361357 -0.090000 83 88 166
-0.236364 -0.361872 0.000000 83 86 166
-0.236364 -0.361357 0.090000 83 84 166
-0.236364 -0.359829 0.180000 84 83 166
-0.236364 -0.357337 0.270000 86 83 166
-0.236364 -0.353962 0.360000 88 83 166
-0.236364 -0.349812 0.450000 90 83 166
-0.236364 -0.345022 0.540000 91 83 166
-0.236364 -0.339747 0.630000 93 83 166
-0.236364 -0.334157 0.720000 95 83 166
-0.236364 -0.328432 0.810000 97 83 166
-0.236364 -0.322759 0.900000 99 83 166
-0.236364 -0.317319 0.990000 101 83 166
-0.236364 -0.312289 1.080000 103 83 166
-0.236364 -0.307831 1.170000 105 83 166
-0.236364 -0.304089 1.260000 107 83 166
-0.236364 -0.301185 1.350000 109 83 166
-0.236364 -0.299212 1.440000 111 83 166
-0.236364 -0.298234 1.530000 113 83 166
-0.236364 -0.298282 1.620000 115 83 166
-0.236364 -0.299355 1.710000 117 83 166
-0.236364 -0.301418 1.800000 119 83 166
-0.118182 -0.315300 -1.800000 83 126 166
-0.118182 -0.314239 -1.710000 83 124 166
-0.118182 -0.313687 -1.620000 83 122 166
-0.118182 -0.313663 -1.530000 83 120 166
-0.118182 -0.314166 -1.440000 83 118 166
-0.118182 -0.315181 -1.350000 83 116 166
-0.118182 -0.316674 -1.260000 83 114 166
-0.118182 -0.318598 -1.170000 83 112 166
-0.118182 -0.320891 -1.080000 83 110 166
-0.118182 -0.323478 -0.990000 83 108 166
-0.118182 -0.326276 -0.900000 83 106 166
-0.118182 -0.329194 -0.810000 83 104 166
-0.118182 -0.332138 -0.720000 83 102 166
-0.118182 -0.335013 -0.630000 83 100 166
-0.118182 -0.337726 -0.540000 83 98 166
-0.118182 -0.340189 -0.450000 83 96 166
-0.118182 -0.342323 -0.360000 83 94 166
-0.118182 -0.344059 -0.270000 83 92 166
-0.118182 -0.345341 -0.180000 83 90 166
-0.118182 -0.346127 -0.090000 83 88 166
-0.118182 -0.346392 0.000000 83 86 166
-0.118182 -0.346127 0.090000 83 84 166
-0.118182 -0.345341 0.180000 84 83 166
-0.118182 -0.344059 0.270000 86 83 166
-0.118182 -0.342323 0.360000 88 83 166
-0.118182 -0.340189 0.450000 90 83 166
-0.118182 -0.337726 0.540000 91 83 166
-0.118182 -0.335013 0.630000 93 83 166
-0.118182 -0.332138 0.720000 95 83 166
-0.118182 -0.329194 0.810000 97 83 166
-0.118182 -0.326276 0.900000 99 83 166
-0.118182 -0.323478 0.990000 101 83 166
-0.118182 -0.320891 1.080000 103 83 166
-0.118182 -0.318598 1.170000 105 83 166
-0.118182 -0.316674 1.260000 107 83 166
-0.118182 -0.315181 1.350000 109 83 166
-0.118182 -0.314166 1.440000 111 83 166
-0.118182 -0.313663 1.530000 113 83 166
-0.118182 -0.313687 1.620000 115 83 166
-0.118182 -0.314239 1.710000 117 83 166
-0.118182 -0.315300 1.800000 119 83 166
0.000000 -0.330000 -1.800000 83 126 166
0.000000 -0.330000 -1.710000 83 124 166
0.000000 -0.330000 -1.620000 83 122 166
0.000000 -0.330000 -1.530000 83 120 166
0.000000 -0.330000 -1.440000 83 118 166
0.000000 -0.330000 -1.350000 83 116 166
0.000000 -0.330000 -1.260000 83 114 166
0.000000 -0.330000 -1.170000 83 112 166
0.000000 -0.330000 -1.080000 83 110 166
0.000000 -0.330000 -0.990000 83 108 166
0.000000 -0.330000 -0.900000 83 106 166
0.000000 -0.330000 -0.810000 83 104 166
0.000000 -0.330000 -0.720000 83 102 166
0.000000 -0.330000 -0.630000 83 100 166
0.000000 -0.330000 -0.540000 83 98 166
0.000000 -0.330000 -0.450000 83 96 166
0.000000 -0.330000 -0.360000 83 94 166
0.000000 -0.330000 -0.270000 83 92 166
0.000000 -0.330000 -0.180000 83 90 166
0.000000 -0.330000 -0.090000 83 88 166
0.000000 -0.330000 0.000000 83 86 166
0.000000 -0.330000 0.090000 83 84 166
0.000000 -0.330000 0.180000 84 83 166
0.000000 -0.330000 0.270000 86 83 166
0.000000 -0.330000 0.360000 88 83 166
0.000000 -0.330000 0.450000 90 83 166
0.000000 -0.330000 0.540000 91 83 166
0.000000 -0.330000 0.630000 93 83 166
0.000000 -0.330000 0.720000 95 83 166
0.000000 -0.330000 0.810000 97 83 166
0.000000 -0.330000 0.900000 99 83 166
0.000000 -0.330000 0.990000 101 83 166
0.000000 -0.330000 1.080000 103 83 166
0.000000 -0.330000 1.170000 105 83 166
0.000000 -0.330000 1.260000 107 83 166
0.000000 -0.330000 1.350000 109 83 166
0.000000 -0.330000 1.440000 111 83 166
0.000000 -0.330000 1.530000 113 83 166
0.000000 -0.330000 1.620000 115 83 166
0.000000 -0.330000 1.710000 117 83 166
0.000000 -0.330000 1.800000 119 83 166
0.118182 -0.344700 -1.800000 83 126 166
0.118182 -0.345761 -1.710000 83 124 166
0.118182 -0.346313 -1.620000 83 122 166
0.118182 -0.346337 -1.530000 83 120 166
0.118182 -0.345834 -1.440000 83 118 166
0.118182 -0.344819 -1.350000 83 116 166
0.118182 -0.343326 -1.260000 83 114 166
0.118182 -0.341402 -1.170000 83 112 166
0.118182 -0.339109 -1.080000 83 110 166
0.118182 -0.336522 -0.990000 83 108 166
0.118182 -0.333724 -0.900000 83 106 166
0.118182 -0.330806 -0.810000 83 104 166
0.118182 -0.327862 -0.720000 83 102 166
0.118182 -0.324987 -0.630000 83 100 166
0.118182 -0.322274 -0.540000 83 98 166
0.118182 -0.319811 -0.450000 83 96 166
0.118182 -0.317677 -0.360000 83 94 166
0.118182 -0.315941 -0.270000 83 92 166
0.118182 -0.314659 -0.180000 83 90 166
0.118182 -0.313873 -0.090000 83 88 166
0.118182 -0.313608 0.000000 83 86 166
0.118182 -0.313873 0.090000 83 84 166
0.118182 -0.314659 0.180000 84 83 166
0.118182 -0.315941 0.270000 86 83 166
0.118182 -0.317677 0.360000 88 83 166
0.118182 -0.319811 0.450000 90 83 166
0.118182 -0.322274 0.540000 91 83 166
0.118182 -0.324987 0.630000 93 83 166
0.118182 -0.327862 0.720000 95 83 166
0.118182 -0.330806 0.810000 97 83 166
0.118182 -0.333724 0.900000 99 83 166
0.118182 -0.336522 0.990000 101 83 166
0.118182 -0.339109 1.080000 103 83 166
0.118182 -0.341402 1.170000 105 83 166
0.118182 -0.343326 1.260000 107 83 166
0.118182 -0.344819 1.350000 109 83 166
0.118182 -0.345834 1.440000 111 83 166
0.118182 -0.346337 1.530000 113 83 166
0.118182 -0.346313 1.620000 115 83 166
0.118182 -0.345761 1.710000 117 83 166
0.118182 -0.344700 1.800000 119 83 166
0.236364 -0.358582 -1.800000 83 126 166
0.236364 -0.360645 -1.710000 83 124 166
0.236364 -0.361718 -1.620000 83 122 166
0.236364 -0.361766 -1.530000 83 120 166
0.236364 -0.360788 -1.440000 83 118 166
0.236364 -0.358815 -1.350000 83 116 166
0.236364 -0.355911 -1.260000 83 114 166
0.236364 -0.352169 -1.170000 83 112 166
0.236364 -0.347711 -1.080000 83 110 166
0.236364 -0.342681 -0.990000 83 108 166
0.236364 -0.337241 -0.900000 83 106 166
0.236364 -0.331568 -0.810000 83 104 166
0.236364 -0.325843 -0.720000 83 102 166
0.236364 -0.320253 -0.630000 83 100 166
0.236364 -0.314978 -0.540000 83 98 166
0.236364 -0.310188 -0.450000 83 96 166
0.236364 -0.306038 -0.360000 83 94 166
0.236364 -0.302663 -0.270000 83 92 166
0.236364 -0.300171 -0.180000 83 90 166
0.236364 -0.298643 -0.090000 83 88 166
0.236364 -0.298128 0.000000 83 86 166
0.236364 -0.298643 0.090000 83 84 166
0.236364 -0.300171 0.180000 84 83 166
0.236364 -0.302663 0.270000 86 83 166
0.236364 -0.306038 0.360000 88 83 166
0.236364 -0.310188 0.450000 90 83 166
0.236364 -0.314978 0.540000 91 83 166
0.236364 -0.320253 0.630000 93 83 166
0.236364 -0.325843 0.720000 95 83 166
0.236364 -0.331568 0.810000 97 83 166
0.236364 -0.337241 0.900000 99 83 166
0.236364 -0.342681 0.990000 101 83 166
0.236364 -0.347711 1.080000 103 83 166
0.236364 -0.352169 1.170000 105 83 166
0.236364 -0.355911 1.260000 107 83 166
0.236364 -0.358815 1.350000 109 83 166
0.236364 -0.360788 1.440000 111 83 166
0.236364 -0.361766 1.530000 113 83 166
0.236364 -0.361718 1.620000 115 83 166
0.236364 -0.360645 1.710000 117 83 166
0.236364 -0.358582 1.800000 119 83 166
0.354545 -0.370874 -1.800000 83 126 166
0.354545 -0.373825 -1.710000 83 124 166
0.354545 -0.375360 -1.620000 83 122 166
0.354545 -0.375428 -1.530000 83 120 166
0.354545 -0.374029 -1.440000 83 118 166
0.354545 -0.371208 -1.350000 83 116 166
0.354545 -0.367054 -1.260000 83 114 166
0.354545 -0.361704 -1.170000 83 112 166
0.354545 -0.355329 -1.080000 83 110 166
0.354545 -0.348135 -0.990000 83 108 166
0.354545 -0.340356 -0.900000 83 106 166
0.354545 -0.332242 -0.810000 83 104 166
0.354545 -0.324055 -0.720000 83 102 166
0.354545 -0.316061 -0.630000 83 100 166
0.354545 -0.308517 -0.540000 83 98 166
0.354545 -0.301667 -0.450000 83 96 166
0.354545 -0.295733 -0.360000 83 94 166
0.354545 -0.290906 -0.270000 83 92 166
0.354545 -0.287342 -0.180000 83 90 166
0.354545 -0.285156 -0.090000 83 88 166
0.354545 -0.284420 0.000000 83 86 166
0.354545 -0.285156 0.090000 83 84 166
0.354545 -0.287342 0.180000 84 83 166
0.354545 -0.290906 0.270000 86 83 166
0.354545 -0.295733 0.360000 88 83 166
0.354545 -0.301667 0.450000 90 83 166
0.354545 -0.308517 0.540000 91 83 166
0.354545 -0.316061 0.630000 93 83 166
0.354545 -0.324055 0.720000 95 83 166
0.354545 -0.332242 0.810000 97 83 166
0.354545 -0.340356 0.900000 99 83 166
0.354545 -0.348135 0.990000 101 83 166
0.354545 -0.355329 1.080000 103 83 166
0.354545 -0.361704 1.170000 105 83 166
0.354545 -0.367054 1.260000 107 83 166
0.354545 -0.371208 1.350000 109 83 166
0.354545 -0.374029 1.440000 111 83 166
0.354545 -0.375428 1.530000 113 83 166
0.354545 -0.375360 1.620000 115 83 166
0.354545 -0.373825 1.710000 117 83 166
0.354545 -0.370874 1.800000 119 83 166
0.472727 -0.380894 -1.800000 83 126 166
0.472727 -0.384568 -1.710000 83 124 166
0.472727 -0.386479 -1.620000 83 122 166
0.472727 -0.386565 -1.530000 83 120 166
0.472727 -0.384823 -1.440000 83 118 166
0.472727 -0.381309 -1.350000 83 116 166
0.472727 -0.376138 -1.260000 83 114 166
0.472727 -0.369476 -1.170000 83 112 166
0.472727 -0.361538 -1.080000 83 110 166
0.472727 -0.352581 -0.990000 83 108 166
0.472727 -0.342894 -0.900000 83 106 166
0.472727 -0.332791 -0.810000 83 104 166
0.472727 -0.322598 -0.720000 83 102 166
0.472727 -0.312644 -0.630000 83 100 166
0.472727 -0.303251 -0.540000 83 98 166
0.472727 -0.294722 -0.450000 83 96 166
0.472727 -0.287332 -0.360000 83 94 166
0.472727 -0.281322 -0.270000 83 92 166
0.472727 -0.276885 -0.180000 83 90 166
0.472727 -0.274164 -0.090000 83 88 166
0.472727 -0.273247 0.000000 83 86 166
0.472727 -0.274164 0.090000 83 84 166
0.472727 -0.276885 0.180000 84 83 166
0.472727 -0.281322 0.270000 86 83 166
0.472727 -0.287332 0.360000 88 83 166
0.472727 -0.294722 0.450000 90 83 166
0.472727 -0.303251 0.540000 91 83 166
0.472727 -0.312644 0.630000 93 83 166
0.472727 -0.322598 0.720000 95 83 166
0.472727 -0.332791 0.810000 97 83 166
0.472727 -0.342894 0.900000 99 83 166
0.472727 -0.352581 0.990000 101 83 166
0.472727 -0.361538 1.080000 103 83 166
0.472727 -0.369476 1.170000 105 83 166
0.472727 -0.376138 1.260000 107 83 166
0.472727 -0.381309 1.350000 109 83 166
0.472727 -0.384823 1.440000 111 83 166
0.472727 -0.386565 1.530000 113 83 166
0.472727 -0.386479 1.620000 115 83 166
0.472727 -0.384568 1.710000 117 83 166
0.472727 -0.380894 1.800000 119 83 166
0.590909 -0.388084 -1.800000 83 126 166
0.590909 -0.392277 -1.710000 83 124 166
0.590909 -0.394457 -1.620000 83 122 166
0.590909 -0.394555 -1.530000 83 120 166
0.590909 -0.392567 -1.440000 83 118 166
0.590909 -0.388557 -1.350000 83 116 166
0.590909 -0.382656 -1.260000 83 114 166
0.590909 -0.375052 -1.170000 83 112 166
0.590909 -0.365993 -1.080000 83 110 166
0.590909 -0.355771 -0.990000 83 108 166
0.590909 -0.344716 -0.900000 83 106 166
0.590909 -0.333186 -0.810000 83 104 166
0.590909 -0.321552 -0.720000 83 102 166
0.590909 -0.310192 -0.630000 83 100 166
0.590909 -0.299472 -0.540000 83 98 166
0.590909 -0.289738 -0.450000 83 96 166
0.590909 -0.281305 -0.360000 83 94 166
0.590909 -0.274446 -0.270000 83 92 166
0.590909 -0.269381 -0.180000 83 90 166
0.590909 -0.266276 -0.090000 83 88 166
0.590909 -0.265229 0.000000 83 86 166
0.590909 -0.266276 0.090000 83 84 166
0.590909 -0.269381 0.180000 84 83 166
0.590909 -0.274446 0.270000 86 83 166
0.590909 -0.281305 0.360000 88 83 166
0.590909 -0.289738 0.450000 90 83 166
0.590909 -0.299472 0.540000 91 83 166
0.590909 -0.310192 0.630000 93 83 166
0.590909 -0.321552 0.720000 95 83 166
0.590909 -0.333186 0.810000 97 83 166
0.590909 -0.344716 0.900000 99 83 166
0.590909 -0.355771 0.990000 101 83 166
0.590909 -0.365993 1.080000 103 83 166
0.590909 -0.375052 1.170000 105 83 166
0.590909 -0.382656 1.260000 107 83 166
0.590909 -0.388557 1.350000 109 83 166
0.590909 -0.392567 1.440000 111 83 166
0.590909 -0.394555 1.530000 113 83 166
0.590909 -0.394457 1.620000 115 83 166
0.590909 -0.392277 1.710000 117 83 166
0.590909 -0.388084 1.800000 119 83 166
0.709091 -0.392043 -1.800000 83 126 166
0.709091 -0.396522 -1.710000 83 124 166
0.709091 -0.398852 -1.620000 83 122 166
0.709091 -0.398956 -1.530000 83 120 166
0.709091 -0.396833 -1.440000 83 118 166
0.709091 -0.392549 -1.350000 83 116 166
0.709091 -0.386245 -1.260000 83 114 166
0.709091 -0.378124 -1.170000 83 112 166
0.709091 -0.368447 -1.080000 83 110 166
0.709091 -0.357528 -0.990000 83 108 166
0.709091 -0.345719 -0.900000 83 106 166
0.709091 -0.333403 -0.810000 83 104 166
0.709091 -0.320976 -0.720000 83 102 166
0.709091 -0.308842 -0.630000 83 100 166
0.709091 -0.297390 -0.540000 83 98 166
0.709091 -0.286993 -0.450000 83 96 166
0.709091 -0.277985 -0.360000 83 94 166
0.709091 -0.270658 -0.270000 83 92 166
0.709091 -0.265249 -0.180000 83 90 166
0.709091 -0.261931 -0.090000 83 88 166
0.709091 -0.260814 0.000000 83 86 166
0.709091 -0.261931 0.090000 83 84 166
0.709091 -0.265249 0.180000 84 83 166
0.709091 -0.270658 0.270000 86 83 166
0.709091 -0.277985 0.360000 88 83 166
0.709091 -0.286993 0.450000 90 83 166
0.709091 -0.297390 0.540000 91 83 166
0.709091 -0.308842 0.630000 93 83 166
0.709091 -0.320976 0.720000 95 83 166
0.709091 -0.333403 0.810000 97 83 166
0.709091 -0.345719 0.900000 99 83 166
0.709091 -0.357528 0.990000 101 83 166
0.709091 -0.368447 1.080000 103 83 166
0.709091 -0.378124 1.170000 105 83 166
0.709091 -0.386245 1.260000 107 83 166
0.709091 -0.392549 1.350000 109 83 166
0.709091 -0.396833 1.440000 111 83 166
0.709091 -0.398956 1.530000 113 83 166
0.709091 -0.398852 1.620000 115 83 166
0.709091 -0.396522 1.710000 117 83 166
0.709091 -0.392043 1.800000 119 83 166
0.827273 -0.392553 -1.800000 83 126 166
0.827273 -0.397069 -1.710000 83 124 166
0.827273 -0.399417 -1.620000 83 122 166
0.827273 -0.399523 -1.530000 83 120 166
0.827273 -0.397382 -1.440000 83 118 166
0.827273 -0.393063 -1.350000 83 116 166
0.827273 -0.386707 -1.260000 83 114 166
0.827273 -0.378519 -1.170000 83 112 166
0.827273 -0.368763 -1.080000 83 110 166
0.827273 -0.357754 -0.990000 83 108 166
0.827273 -0.345848 -0.900000 83 106 166
0.827273 -0.333431 -0.810000 83 104 166
0.827273 -0.320902 -0.720000 83 102 166
0.827273 -0.308668 -0.630000 83 100 166
0.827273 -0.297123 -0.540000 83 98 166
0.827273 -0.286640 -0.450000 83 96 166
0.827273 -0.277558 -0.360000 83 94 166
0.827273 -0.270171 -0.270000 83 92 166
0.827273 -0.264717 -0.180000 83 90 166
0.827273 -0.261372 -0.090000 83 88 166
0.827273 -0.260245 0.000000 83 86 166
0.827273 -0.261372 0.090000 83 84 166
0.827273 -0.264717 0.180000 84 83 166
0.827273 -0.270171 0.270000 86 83 166
0.827273 -0.277558 0.360000 88 83 166
0.827273 -0.286640 0.450000 90 83 166
0.827273 -0.297123 0.540000 91 83 166
0.827273 -0.308668 0.630000 93 83 166
0.827273 -0.320902 0.720000 95 83 166
0.827273 -0.333431 0.810000 97 83 166
0.827273 -0.345848 0.900000 99 83 166
0.827273 -0.357754 0.990000 101 83 166
0.827273 -0.368763 1.080000 103 83 166
0.827273 -0.378519 1.170000 105 83 166
0.827273 -0.386707 1.260000 107 83 166
0.827273 -0.393063 1.350000 109 83 166
0.827273 -0.397382 1.440000 111 83 166
0.827273 -0.399523 1.530000 113 83 166
0.827273 -0.399417 1.620000 115 83 166
0.827273 -0.397069 1.710000 117 83 166
0.827273 -0.392553 1.800000 119 83 166
0.945455 -0.389584 -1.800000 83 126 166
0.945455 -0.393886 -1.710000 83 124 166
0.945455 -0.396123 -1.620000 83 122 166
0.945455 -0.396223 -1.530000 83 120 166
0.945455 -0.394184 -1.440000 83 118 166
0.945455 -0.390070 -1.350000 83 116 166
0.945455 -0.384016 -1.260000 83 114 166
0.945455 -0.376216 -1.170000 83 112 166
0.945455 -0.366923 -1.080000 83 110 166
0.945455 -0.356437 -0.990000 83 108 166
0.945455 -0.345096 -0.900000 83 106 166
0.945455 -0.333268 -0.810000 83 104 166
0.945455 -0.321334 -0.720000 83 102 166
0.945455 -0.309680 -0.630000 83 100 166
0.945455 -0.298683 -0.540000 83 98 166
0.945455 -0.288698 -0.450000 83 96 166
0.945455 -0.280047 -0.360000 83 94 166
0.945455 -0.273010 -0.270000 83 92 166
0.945455 -0.267815 -0.180000 83 90 166
0.945455 -0.264629 -0.090000 83 88 166
0.945455 -0.263556 0.000000 83 86 166
0.945455 -0.264629 0.090000 83 84 166
0.945455 -0.267815 0.180000 84 83 166
0.945455 -0.273010 0.270000 86 83 166
0.945455 -0.280047 0.360000 88 83 166
0.945455 -0.288698 0.450000 90 83 166
0.945455 -0.298683 0.540000 91 83 166
0.945455 -0.309680 0.630000 93 83 166
0.945455 -0.321334 0.720000 95 83 166
0.945455 -0.333268 0.810000 97 83 166
0.945455 -0.345096 0.900000 99 83 166
0.945455 -0.356437 0.990000 101 83 166
0.945455 -0.366923 1.080000 103 83 166
0.945455 -0.376216 1.170000 105 83 166
0.945455 -0.384016 1.260000 107 83 166
0.945455 -0.390070 1.350000 109 83 166
0.945455 -0.394184 1.440000 111 83 166
0.945455 -0.396223 1.530000 113 83 166
0.945455 -0.396123 1.620000 115 83 166
0.945455 -0.393886 1.710000 117 83 166
0.945455 -0.389584 1.800000 119 83 166
1.063636 -0.383302 -1.800000 83 126 166
1.063636 -0.387150 -1.710000 83 124 166
1.063636 -0.389151 -1.620000 83 122 166
1.063636 -0.389241 -1.530000 83 120 166
1.063636 -0.387416 -1.440000 83 118 166
1.063636 -0.383737 -1.350000 83 116 166
1.063636 -0.378321 -1.260000 83 114 166
1.063636 -0.371343 -1.170000 83 112 166
1.063636 -0.363030 -1.080000 83 110 166
1.063636 -0.353649 -0.990000 83 108 166
1.063636 -0.343505 -0.900000 83 106 166
1.063636 -0.332923 -0.810000 83 104 166
1.063636 -0.322248 -0.720000 83 102 166
1.063636 -0.311823 -0.630000 83 100 166
1.063636 -0.301985 -0.540000 83 98 166
1.063636 -0.293052 -0.450000 83 96 166
1.063636 -0.285314 -0.360000 83 94 166
1.063636 -0.279019 -0.270000 83 92 166
1.063636 -0.274372 -0.180000 83 90 166
1.063636 -0.271522 -0.090000 83 88 166
1.063636 -0.270561 0.000000 83 86 166
1.063636 -0.271522 0.090000 83 84 166
1.063636 -0.274372 0.180000 84 83 166
1.063636 -0.279019 0.270000 86 83 166
1.063636 -0.285314 0.360000 88 83 166
1.063636 -0.293052 0.450000 90 83 166
1.063636 -0.301985 0.540000 91 83 166
1.063636 -0.311823 0.630000 93 83 166
1.063636 -0.322248 0.720000 95 83 166
1.063636 -0.332923 0.810000 97 83 166
1.063636 -0.343505 0.900000 99 83 166
1.063636 -0.353649 0.990000 101 83 166
1.063636 -0.363030 1.080000 103 83 166
1.063636 -0.371343 1.170000 105 83 166
1.063636 -0.378321 1.260000 107 83 166
1.063636 -0.383737 1.350000 109 83 166
1.063636 -0.387416 1.440000 111 83 166
1.063636 -0.389241 1.530000 113 83 166
1.063636 -0.389151 1.620000 115 83 166
1.063636 -0.387150 1.710000 117 83 166
1.063636 -0.383302 1.800000 119 83 166
1.181818 -0.374056 -1.800000 83 126 166
1.181818 -0.377236 -1.710000 83 124 166
1.181818 -0.378890 -1.620000 83 122 166
1.181818 -0.378964 -1.530000 83 120 166
1.181818 -0.377456 -1.440000 83 118 166
1.181818 -0.374415 -1.350000 83 116 166
1.181818 -0.369939 -1.260000 83 114 166
1.181818 -0.364171 -1.170000 83 112 166
1.181818 -0.357300 -1.080000 83 110 166
1.181818 -0.349547 -0.990000 83 108 166
1.181818 -0.341162 -0.900000 83 106 166
1.181818 -0.332416 -0.810000 83 104 166
1.181818 -0.323593 -0.720000 83 102 166
1.181818 -0.314976 -0.630000 83 100 166
1.181818 -0.306845 -0.540000 83 98 166
1.181818 -0.299462 -0.450000 83 96 166
1.181818 -0.293065 -0.360000 83 94 166
1.181818 -0.287863 -0.270000 83 92 166
1.181818 -0.284021 -0.180000 83 90 166
1.181818 -0.281666 -0.090000 83 88 166
1.181818 -0.280872 0.000000 83 86 166
1.181818 -0.281666 0.090000 83 84 166
1.181818 -0.284021 0.180000 84 83 166
1.181818 -0.287863 0.270000 86 83 166
1.181818 -0.293065 0.360000 88 83 166
1.181818 -0.299462 0.450000 90 83 166
1.181818 -0.306845 0.540000 91 83 166
1.181818 -0.314976 0.630000 93 83 166
1.181818 -0.323593 0.720000 95 83 166
1.181818 -0.332416 0.810000 97 83 166
1.181818 -0.341162 0.900000 99 83 166
1.181818 -0.349547 0.990000 101 83 166
1.181818 -0.357300 1.080000 103 83 166
1.181818 -0.364171 1.170000 105 83 166
1.181818 -0.369939 1.260000 107 83 166
1.181818 -0.374415 1.350000 109 83 166
1.181818 -0.377456 1.440000 111 83 166
1.181818 -0.378964 1.530000 113 83 166
1.181818 -0.378890 1.620000 115 83 166
1.181818 -0.377236 1.710000 117 83 166
1.181818 -0.374056 1.800000 119 83 166
1.300000 -0.362360 -1.800000 83 126 166
1.300000 -0.364696 -1.710000 83 124 166
1.300000 -0.365911 -1.620000 83 122 166
1.300000 -0.365965 -1.530000 83 120 166
1.300000 -0.364857 -1.440000 83 118 166
1.300000 -0.362624 -1.350000 83 116 166
1.300000 -0.359335 -1.260000 83 114 166
1.300000 -0.355099 -1.170000 83 112 166
1.300000 -0.350052 -1.080000 83 110 166
1.300000 -0.344357 -0.990000 83 108 166
1.300000 -0.338199 -0.900000 83 106 166
1.300000 -0.331775 -0.810000 83 104 166
1.300000 -0.325294 -0.720000 83 102 166
1.300000 -0.318965 -0.630000 83 100 166
1.300000 -0.312992 -0.540000 83 98 166
1.300000 -0.307569 -0.450000 83 96 166
1.300000 -0.302871 -0.360000 83 94 166
1.300000 -0.299049 -0.270000 83 92 166
1.300000 -0.296228 -0.180000 83 90 166
1.300000 -0.294498 -0.090000 83 88 166
1.300000 -0.293915 0.000000 83 86 166
1.300000 -0.294498 0.090000 83 84 166
1.300000 -0.296228 0.180000 84 83 166
1.300000 -0.299049 0.270000 86 83 166
1.300000 -0.302871 0.360000 88 83 166
1.300000 -0.307569 0.450000 90 83 166
1.300000 -0.312992 0.540000 91 83 166
1.300000 -0.318965 0.630000 93 83 166
1.300000 -0.325294 0.720000 95 83 166
1.300000 -0.331775 0.810000 97 83 166
1.300000 -0.338199 0.900000 99 83 166
1.300000 -0.344357 0.990000 101 83 166
1.300000 -0.350052 1.080000 103 83 166
1.300000 -0.355099 1.170000 105 83 166
1.300000 -0.359335 1.260000 107 83 166
1.300000 -0.362624 1.350000 109 83 166
1.300000 -0.364857 1.440000 111 83 166
1.300000 -0.365965 1.530000 113 83 166
1.300000 -0.365911 1.620000 115 83 166
1.300000 -0.364696 1.710000 117 83 166
1.300000 -0.362360 1.800000 119 83 166
1.418182 -0.348864 -1.800000 83 126 166
1.418182 -0.350226 -1.710000 83 124 166
1.418182 -0.350934 -1.620000 83 122 166
1.418182 -0.350966 -1.530000 83 120 166
1.418182 -0.350320 -1.440000 83 118 166
1.418182 -0.349018 -1.350000 83 116 166
1.418182 -0.347101 -1.260000 83 114 166
1.418182 -0.344632 -1.170000 83 112 166
1.418182 -0.341690 -1.080000 83 110 166
1.418182 -0.338370 -0.990000 83 108 166
1.418182 -0.334779 -0.900000 83 106 166
1.418182 -0.331035 -0.810000 83 104 166
1.418182 -0.327256 -0.720000 83 102 166
1.418182 -0.323567 -0.630000 83 100 166
1.418182 -0.320085 -0.540000 83 98 166
1.418182 -0.316924 -0.450000 83 96 166
1.418182 -0.314185 -0.360000 83 94 166
1.418182 -0.311957 -0.270000 83 92 166
1.418182 -0.310313 -0.180000 83 90 166
1.418182 -0.309304 -0.090000 83 88 166
1.418182 -0.308964 0.000000 83 86 166
1.418182 -0.309304 0.090000 83 84 166
1.418182 -0.310313 0.180000 84 83 166
1.418182 -0.311957 0.270000 86 83 166
1.418182 -0.314185 0.360000 88 83 166
1.418182 -0.316924 0.450000 90 83 166
1.418182 -0.320085 0.540000 91 83 166
1.418182 -0.323567 0.630000 93 83 166
1.418182 -0.327256 0.720000 95 83 166
1.418182 -0.331035 0.810000 97 83 166
1.418182 -0.334779 0.900000 99 83 166
1.418182 -0.338370 0.990000 101 83 166
1.418182 -0.341690 1.080000 103 83 166
1.418182 -0.344632 1.170000 105 83 166
1.418182 -0.347101 1.260000 107 83 166
1.418182 -0.349018 1.350000 109 83 166
1.418182 -0.350320 1.440000 111 83 166
1.418182 -0.350966 1.530000 113 83 166
1.418182 -0.350934 1.620000 115 83 166
1.418182 -0.350226 1.710000 117 83 166
1.418182 -0.348864 1.800000 119 83 166
1.536364 -0.334319 -1.800000 83 126 166
1.536364 -0.334631 -1.710000 83 124 166
1.536364 -0.334793 -1.620000 83 122 166
1.536364 -0.334801 -1.530000 83 120 166
1.536364 -0.334653 -1.440000 83 118 166
1.536364 -0.334355 -1.350000 83 116 166
1.536364 -0.333916 -1.260000 83 114 166
1.536364 -0.333350 -1.170000 83 112 166
1.536364 -0.332677 -1.080000 83 110 166
1.536364 -0.331916 -0.990000 83 108 166
1.536364 -0.331094 -0.900000 83 106 166
1.536364 -0.330237 -0.810000 83 104 166
1.536364 -0.329372 -0.720000 83 102 166
1.536364 -0.328527 -0.630000 83 100 166
1.536364 -0.327730 -0.540000 83 98 166
1.536364 -0.327006 -0.450000 83 96 166
1.536364 -0.326379 -0.360000 83 94 166
1.536364 -0.325869 -0.270000 83 92 166
1.536364 -0.325492 -0.180000 83 90 166
1.536364 -0.325261 -0.090000 83 88 166
1.536364 -0.325183 0.000000 83 86 166
1.536364 -0.325261 0.090000 83 84 166
1.536364 -0.325492 0.180000 84 83 166
1.536364 -0.325869 0.270000 86 83 166
1.536364 -0.326379 0.360000 88 83 166
1.536364 -0.327006 0.450000 90 83 166
1.536364 -0.327730 0.540000 91 83 166
1.536364 -0.328527 0.630000 93 83 166
1.536364 -0.329372 0.720000 95 83 166
1.536364 -0.330237 0.810000 97 83 166
1.536364 -0.331094 0.900000 99 83 166
1.536364 -0.331916 0.990000 101 83 166
1.536364 -0.332677 1.080000 103 83 166
1.536364 -0.333350 1.170000 105 83 166
1.536364 -0.333916 1.260000 107 83 166
1.536364 -0.334355 1.350000 109 83 166
1.536364 -0.334653 1.440000 111 83 166
1.536364 -0.334801 1.530000 113 83 166
1.536364 -0.334793 1.620000 115 83 166
1.536364 -0.334631 1.710000 117 83 166
1.536364 -0.334319 1.800000 119 83 166
1.654545 -0.319535 -1.800000 83 126 166
1.654545 -0.318779 -1.710000 83 124 166
1.654545 -0.318386 -1.620000 83 122 166
1.654545 -0.318369 -1.530000 83 120 166
1.654545 -0.318727 -1.440000 83 118 166
1.654545 -0.319449 -1.350000 83 116 166
1.654545 -0.320513 -1.260000 83 114 166
1.654545 -0.321883 -1.170000 83 112 166
1.654545 -0.323515 -1.080000 83 110 166
1.654545 -0.325357 -0.990000 83 108 166
1.654545 -0.327349 -0.900000 83 106 166
1.654545 -0.329426 -0.810000 83 104 166
1.654545 -0.331522 -0.720000 83 102 166
1.654545 -0.333569 -0.630000 83 100 166
1.654545 -0.335500 -0.540000 83 98 166
1.654545 -0.337254 -0.450000 83 96 166
1.654545 -0.338774 -0.360000 83 94 166
1.654545 -0.340010 -0.270000 83 92 166
1.654545 -0.340922 -0.180000 83 90 166
1.654545 -0.341482 -0.090000 83 88 166
1.654545 -0.341670 0.000000 83 86 166
1.654545 -0.341482 0.090000 83 84 166
1.654545 -0.340922 0.180000 84 83 166
1.654545 -0.340010 0.270000 86 83 166
1.654545 -0.338774 0.360000 88 83 166
1.654545 -0.337254 0.450000 90 83 166
1.654545 -0.335500 0.540000 91 83 166
1.654545 -0.333569 0.630000 93 83 166
1.654545 -0.331522 0.720000 95 83 166
1.654545 -0.329426 0.810000 97 83 166
1.654545 -0.327349 0.900000 99 83 166
1.654545 -0.325357 0.990000 101 83 166
1.654545 -0.323515 1.080000 103 83 166
1.654545 -0.321883 1.170000 105 83 166
1.654545 -0.320513 1.260000 107 83 166
1.654545 -0.319449 1.350000 109 83 166
1.654545 -0.318727 1.440000 111 83 166
1.654545 -0.318369 1.530000 113 83 166
1.654545 -0.318386 1.620000 115 83 166
1.654545 -0.318779 1.710000 117 83 166
1.654545 -0.319535 1.800000 119 83 166
1.772727 -0.305332 -1.800000 83 126 166
1.772727 -0.303551 -1.710000 83 124 166
1.772727 -0.302625 -1.620000 83 122 166
1.772727 -0.302583 -1.530000 83 120 166
1.772727 -0.303428 -1.440000 83 118 166
1.772727 -0.305131 -1.350000 83 116 166
1.772727 -0.307637 -1.260000 83 114 166
1.772727 -0.310866 -1.170000 83 112 166
1.772727 -0.314714 -1.080000 83 110 166
1.772727 -0.319055 -0.990000 83 108 166
1.772727 -0.323750 -0.900000 83 106 166
1.772727 -0.328647 -0.810000 83 104 166
1.772727 -0.333588 -0.720000 83 102 166
1.772727 -0.338412 -0.630000 83 100 166
1.772727 -0.342965 -0.540000 83 98 166
1.772727 -0.347099 -0.450000 83 96 166
1.772727 -0.350681 -0.360000 83 94 166
1.772727 -0.353594 -0.270000 83 92 166
1.772727 -0.355745 -0.180000 83 90 166
1.772727 -0.357064 -0.090000 83 88 166
1.772727 -0.357508 0.000000 83 86 166
1.772727 -0.357064 0.090000 83 84 166
1.772727 -0.355745 0.180000 84 83 166
1.772727 -0.353594 0.270000 86 83 166
1.772727 -0.350681 0.360000 88 83 166
1.772727 -0.347099 0.450000 90 83 166
1.772727 -0.342965 0.540000 91 83 166
1.772727 -0.338412 0.630000 93 83 166
1.772727 -0.333588 0.720000 95 83 166
1.772727 -0.328647 0.810000 97 83 166
1.772727 -0.323750 0.900000 99 83 166
1.772727 -0.319055 0.990000 101 83 166
1.772727 -0.314714 1.080000 103 83 166
1.772727 -0.310866 1.170000 105 83 166
1.772727 -0.307637 1.260000 107 83 166
1.772727 -0.305131 1.350000 109 83 166
1.772727 -0.303428 1.440000 111 83 166
1.772727 -0.302583 1.530000 113 83 166
1.772727 -0.302625 1.620000 115 83 166
1.772727 -0.303551 1.710000 117 83 166
1.772727 -0.305332 1.800000 119 83 166
1.890909 -0.292501 -1.800000 83 126 166
1.890909 -0.289794 -1.710000 83 124 166
1.890909 -0.288386 -1.620000 83 122 166
1.890909 -0.288323 -1.530000 83 120 166
1.890909 -0.289606 -1.440000 83 118 166
1.890909 -0.292195 -1.350000 83 116 166
1.890909 -0.296005 -1.260000 83 114 166
1.890909 -0.300914 -1.170000 83 112 166
1.890909 -0.306763 -1.080000 83 110 166
1.890909 -0.313362 -0.990000 83 108 166
1.890909 -0.320499 -0.900000 83 106 166
1.890909 -0.327943 -0.810000 83 104 166
1.890909 -0.335454 -0.720000 83 102 166
1.890909 -0.342788 -0.630000 83 100 166
1.890909 -0.349709 -0.540000 83 98 166
1.890909 -0.355993 -0.450000 83 96 166
1.890909 -0.361438 -0.360000 83 94 166
1.890909 -0.365866 -0.270000 83 92 166
1.890909 -0.369136 -0.180000 83 90 166
1.890909 -0.371141 -0.090000 83 88 166
1.890909 -0.371816 0.000000 83 86 166
1.890909 -0.371141 0.090000 83 84 166
1.890909 -0.369136 0.180000 84 83 166
1.890909 -0.365866 0.270000 86 83 166
1.890909 -0.361438 0.360000 88 83 166
1.890909 -0.355993 0.450000 90 83 166
1.890909 -0.349709 0.540000 91 83 166
1.890909 -0.342788 0.630000 93 83 166
1.890909 -0.335454 0.720000 95 83 166
1.890909 -0.327943 0.810000 97 83 166
1.890909 -0.320499 0.900000 99 83 166
1.890909 -0.313362 0.990000 101 83 166
1.890909 -0.306763 1.080000 103 83 166
1.890909 -0.300914 1.170000 105 83 166
1.890909 -0.296005 1.260000 107 83 166
1.890909 -0.292195 1.350000 109 83 166
1.890909 -0.289606 1.440000 111 83 166
1.890909 -0.288323 1.530000 113 83 166
1.890909 -0.288386 1.620000 115 83 166
1.890909 -0.289794 1.710000 117 83 166
1.890909 -0.292501 1.800000 119 83 166
2.009091 -0.281755 -1.800000 83 126 166
2.009091 -0.278272 -1.710000 83 124 166
2.009091 -0.276461 -1.620000 83 122 166
2.009091 -0.276380 -1.530000 83 120 166
2.009091 -0.278031 -1.440000 83 118 166
2.009091 -0.281362 -1.350000 83 116 166
2.009091 -0.286264 -1.260000 83 114 166
2.009091 -0.292579 -1.170000 83 112 166
2.009091 -0.300104 -1.080000 83 110 166
2.009091 -0.308594 -0.990000 83 108 166
2.009091 -0.317777 -0.900000 83 106 166
2.009091 -0.327354 -0.810000 83 104 166
2.009091 -0.337017 -0.720000 83 102 166
2.009091 -0.346453 -0.630000 83 100 166
2.009091 -0.355357 -0.540000 83 98 166
2.009091 -0.363442 -0.450000 83 96 166
2.009091 -0.370447 -0.360000 83 94 166
2.009091 -0.376144 -0.270000 83 92 166
2.009091 -0.380351 -0.180000 83 90 166
2.009091 -0.382930 -0.090000 83 88 166
2.009091 -0.383799 0.000000 83 86 166
2.009091 -0.382930 0.090000 83 84 166
2.009091 -0.380351 0.180000 84 83 166
2.009091 -0.376144 0.270000 86 83 166
2.009091 -0.370447 0.360000 88 83 166
2.009091 -0.363442 0.450000 90 83 166
2.009091 -0.355357 0.540000 91 83 166
2.009091 -0.346453 0.630000 93 83 166
2.009091 -0.337017 0.720000 95 83 166
2.009091 -0.327354 0.810000 97 83 166
2.009091 -0.317777 0.900000 99 83 166
2.009091 -0.308594 0.990000 101 83 166
2.009091 -0.300104 1.080000 103 83 166
2.009091 -0.292579 1.170000 105 83 166
2.009091 -0.286264 1.260000 107 83 166
2.009091 -0.281362 1.350000 109 83 166
2.009091 -0.278031 1.440000 111 83 166
2.009091 -0.276380 1.530000 113 83 166
2.009091 -0.276461 1.620000 115 83 166
2.009091 -0.278272 1.710000 117 83 166
2.009091 -0.281755 1.800000 119 83 166
2.127273 -0.273692 -1.800000 83 126 166
2.127273 -0.269627 -1.710000 83 124 166
2.127273 -0.267513 -1.620000 83 122 166
2.127273 -0.267418 -1.530000 83 120 166
2.127273 -0.269346 -1.440000 83 118 166
2.127273 -0.273233 -1.350000 83 116 166
2.127273 -0.278954 -1.260000 83 114 166
2.127273 -0.286325 -1.170000 83 112 166
2.127273 -0.295107 -1.080000 83 110 166
2.127273 -0.305017 -0.990000 83 108 166
2.127273 -0.315734 -0.900000 83 106 166
2.127273 -0.326912 -0.810000 83 104 166
2.127273 -0.338189 -0.720000 83 102 166
2.127273 -0.349202 -0.630000 83 100 166
2.127273 -0.359595 -0.540000 83 98 166
2.127273 -0.369031 -0.450000 83 96 166
2.127273 -0.377206 -0.360000 83 94 166
2.127273 -0.383856 -0.270000 83 92 166
2.127273 -0.388765 -0.180000 83 90 166
2.127273 -0.391776 -0.090000 83 88 166
2.127273 -0.392791 0.000000 83 86 166
2.127273 -0.391776 0.090000 83 84 166
2.127273 -0.388765 0.180000 84 83 166
2.127273 -0.383856 0.270000 86 83 166
2.127273 -0.377206 0.360000 88 83 166
2.127273 -0.369031 0.450000 90 83 166
2.127273 -0.359595 0.540000 91 83 166
2.127273 -0.349202 0.630000 93 83 166
2.127273 -0.338189 0.720000 95 83 166
2.127273 -0.326912 0.810000 97 83 166
2.127273 -0.315734 0.900000 99 83 166
2.127273 -0.305017 0.990000 101 83 166
2.127273 -0.295107 1.080000 103 83 166
2.127273 -0.286325 1.170000 105 83 166
2.127273 -0.278954 1.260000 107 83 166
2.127273 -0.273233 1.350000 109 83 166
2.127273 -0.269346 1.440000 111 83 166
2.127273 -0.267418 1.530000 113 83 166
2.127273 -0.267513 1.620000 115 83 166
2.127273 -0.269627 1.710000 117 83 166
2.127273 -0.273692 1.800000 119 83 166
2.245455 -0.268760 -1.800000 83 126 166
2.245455 -0.264339 -1.710000 83 124 166
2.245455 -0.262040 -1.620000 83 122 166
2.245455 -0.261937 -1.530000 83 120 166
2.245455 -0.264033 -1.440000 83 118 166
2.245455 -0.268261 -1.350000 83 116 166
2.245455 -0.274483 -1.260000 83 114 166
2.245455 -0.282500 -1.170000 83 112 166
2.245455 -0.292051 -1.080000 83 110 166
2.245455 -0.302829 -0.990000 83 108 166
2.245455 -0.314484 -0.900000 83 106 166
2.245455 -0.326641 -0.810000 83 104 166
2.245455 -0.338907 -0.720000 83 102 166
2.245455 -0.350884 -0.630000 83 100 166
2.245455 -0.362187 -0.540000 83 98 166
2.245455 -0.372450 -0.450000 83 96 166
2.245455 -0.381341 -0.360000 83 94 166
2.245455 -0.388573 -0.270000 83 92 166
2.245455 -0.393913 -0.180000 83 90 166
2.245455 -0.397187 -0.090000 83 88 166
2.245455 -0.398290 0.000000 83 86 166
2.245455 -0.397187 0.090000 83 84 166
2.245455 -0.393913 0.180000 84 83 166
2.245455 -0.388573 0.270000 86 83 166
2.245455 -0.381341 0.360000 88 83 166
2.245455 -0.372450 0.450000 90 83 166
2.245455 -0.362187 0.540000 91 83 166
2.245455 -0.350884 0.630000 93 83 166
2.245455 -0.338907 0.720000 95 83 166
2.245455 -0.326641 0.810000 97 83 166
2.245455 -0.314484 0.900000 99 83 166
2.245455 -0.302829 0.990000 101 83 166
2.245455 -0.292051 1.080000 103 83 166
2.245455 -0.282500 1.170000 105 83 166
2.245455 -0.274483 1.260000 107 83 166
2.245455 -0.268261 1.350000 109 83 166
2.245455 -0.264033 1.440000 111 83 166
2.245455 -0.261937 1.530000 113 83 166
2.245455 -0.262040 1.620000 115 83 166
2.245455 -0.264339 1.710000 117 83 166
2.245455 -0.268760 1.800000 119 83 166
2.363636 -0.267234 -1.800000 83 126 166
2.363636 -0.262703 -1.710000 83 124 166
2.363636 -0.260346 -1.620000 83 122 166
2.363636 -0.260241 -1.530000 83 120 166
2.363636 -0.262389 -1.440000 83 118 166
2.363636 -0.266722 -1.350000 83 116 166
2.363636 -0.273100 -1.260000 83 114 166
2.363636 -0.281316 -1.170000 83 112 166
2.363636 -0.291105 -1.080000 83 110 166
2.363636 -0.302152 -0.990000 83 108 166
2.363636 -0.314098 -0.900000 83 106 166
2.363636 -0.326558 -0.810000 83 104 166
2.363636 -0.339129 -0.720000 83 102 166
2.363636 -0.351405 -0.630000 83 100 166
2.363636 -0.362989 -0.540000 83 98 166
2.363636 -0.373508 -0.450000 83 96 166
2.363636 -0.382621 -0.360000 83 94 166
2.363636 -0.390033 -0.270000 83 92 166
2.363636 -0.395506 -0.180000 83 90 166
2.363636 -0.398861 -0.090000 83 88 166
2.363636 -0.399992 0.000000 83 86 166
2.363636 -0.398861 0.090000 83 84 166
2.363636 -0.395506 0.180000 84 83 166
2.363636 -0.390033 0.270000 86 83 166
2.363636 -0.382621 0.360000 88 83 166
2.363636 -0.373508 0.450000 90 83 166
2.363636 -0.362989 0.540000 91 83 166
2.363636 -0.351405 0.630000 93 83 166
2.363636 -0.339129 0.720000 95 83 166
2.363636 -0.326558 0.810000 97 83 166
2.363636 -0.314098 0.900000 99 83 166
2.363636 -0.302152 0.990000 101 83 166
2.363636 -0.291105 1.080000 103 83 166
2.363636 -0.281316 1.170000 105 83 166
2.363636 -0.273100 1.260000 107 83 166
2.363636 -0.266722 1.350000 109 83 166
2.363636 -0.262389 1.440000 111 83 166
2.363636 -0.260241 1.530000 113 83 166
2.363636 -0.260346 1.620000 115 83 166
2.363636 -0.262703 1.710000 117 83 166
2.363636 -0.267234 1.800000 119 83 166
2.481818 -0.269198 -1.800000 83 126 166
2.481818 -0.264809 -1.710000 83 124 166
2.481818 -0.262526 -1.620000 83 122 166
2.481818 -0.262423 -1.530000 83 120 166
2.481818 -0.264504 -1.440000 83 118 166
2.481818 -0.268702 -1.350000 83 116 166
2.481818 -0.274880 -1.260000 83 114 166
2.481818 -0.282839 -1.170000 83 112 166
2.481818 -0.292322 -1.080000 83 110 166
2.481818 -0.303023 -0.990000 83 108 166
2.481818 -0.314595 -0.900000 83 106 166
2.481818 -0.326665 -0.810000 83 104 166
2.481818 -0.338843 -0.720000 83 102 166
2.481818 -0.350735 -0.630000 83 100 166
2.481818 -0.361957 -0.540000 83 98 166
2.481818 -0.372147 -0.450000 83 96 166
2.481818 -0.380974 -0.360000 83 94 166
2.481818 -0.388155 -0.270000 83 92 166
2.481818 -0.393456 -0.180000 83 90 166
2.481818 -0.396707 -0.090000 83 88 166
2.481818 -0.397802 0.000000 83 86 166
2.481818 -0.396707 0.090000 83 84 166
2.481818 -0.393456 0.180000 84 83 166
2.481818 -0.388155 0.270000 86 83 166
2.481818 -0.380974 0.360000 88 83 166
2.481818 -0.372147 0.450000 90 83 166
2.481818 -0.361957 0.540000 91 83 166
2.481818 -0.350735 0.630000 93 83 166
2.481818 -0.338843 0.720000 95 83 166
2.481818 -0.326665 0.810000 97 83 166
2.481818 -0.314595 0.900000 99 83 166
2.481818 -0.303023 0.990000 101 83 166
2.481818 -0.292322 1.080000 103 83 166
2.481818 -0.282839 1.170000 105 83 166
2.481818 -0.274880 1.260000 107 83 166
2.481818 -0.268702 1.350000 109 83 166
2.481818 -0.264504 1.440000 111 83 166
2.481818 -0.262423 1.530000 113 83 166
2.481818 -0.262526 1.620000 115 83 166
2.481818 -0.264809 1.710000 117 83 166
2.481818 -0.269198 1.800000 119 83 166
2.600000 -0.274543 -1.800000 83 126 166
2.600000 -0.270539 -1.710000 83 124 166
2.600000 -0.268457 -1.620000 83 122 166
2.600000 -0.268364 -1.530000 83 120 166
2.600000 -0.270262 -1.440000 83 118 166
2.600000 -0.274091 -1.350000 83 116 166
2.600000 -0.279726 -1.260000 83 114 166
2.600000 -0.286985 -1.170000 83 112 166
2.600000 -0.295635 -1.080000 83 110 166
2.600000 -0.305394 -0.990000 83 108 166
2.600000 -0.315949 -0.900000 83 106 166
2.600000 -0.326958 -0.810000 83 104 166
2.600000 -0.338066 -0.720000 83 102 166
2.600000 -0.348912 -0.630000 83 100 166
2.600000 -0.359148 -0.540000 83 98 166
2.600000 -0.368441 -0.450000 83 96 166
2.600000 -0.376493 -0.360000 83 94 166
2.600000 -0.383042 -0.270000 83 92 166
2.600000 -0.387878 -0.180000 83 90 166
2.600000 -0.390843 -0.090000 83 88 166
2.600000 -0.391842 0.000000 83 86 166
2.600000 -0.390843 0.090000 83 84 166
2.600000 -0.387878 0.180000 84 83 166
2.600000 -0.383042 0.270000 86 83 166
2.600000 -0.376493 0.360000 88 83 166
2.600000 -0.368441 0.450000 90 83 166
2.600000 -0.359148 0.540000 91 83 166
2.600000 -0.348912 0.630000 93 83 166
2.600000 -0.338066 0.720000 95 83 166
2.600000 -0.326958 0.810000 97 83 166
2.600000 -0.315949 0.900000 99 83 166
2.600000 -0.305394 0.990000 101 83 166
2.600000 -0.295635 1.080000 103 83 166
2.600000 -0.286985 1.170000 105 83 166
2.600000 -0.279726 1.260000 107 83 166
2.600000 -0.274091 1.350000 109 83 166
2.600000 -0.270262 1.440000 111 83 166
2.600000 -0.268364 1.530000 113 83 166
2.600000 -0.268457 1.620000 115 83 166
2.600000 -0.270539 1.710000 117 83 166
2.600000 -0.274543 1.800000 119 83 166
